horodatage;timezone;sha_model;groupe;ticker;source;spot;prob_ml;seuil_ml;prob_implicite;ratio;direction;decision;raison;side;strike;expiry;dte;bid;ask;mid;iv;delta;theta_jour;vega;cout_entree_ask;ret_1s;ret_3s;ret_5s;exit_bid_1s;exit_bid_3s;exit_bid_5s;pnl_option_est_5s_pct;resultat_direction_seule;statut
2026-07-13T15:32:56-04:00;America/New_York;11fa6982d2cf3659;scan;AAPL;yahoo;316.28;0.0219;0.323;0.0612;0.358;0.411;rejet_prob;prob 0.022 < seuil 0.323;;;;;;;;;;;;;-0.00449;0.05369;0.0326;;;;;0.0326;complet
2026-07-13T15:32:57-04:00;America/New_York;11fa6982d2cf3659;scan;NVDA;yahoo;204.13;0.2616;0.323;0.1647;1.588;0.261;rejet_prob;prob 0.262 < seuil 0.323;;;;;;;;;;;;;0.03757;0.01602;-0.00416;;;;;-0.00416;complet
2026-07-13T15:32:58-04:00;America/New_York;11fa6982d2cf3659;scan;TSLA;yahoo;392.4;0.2202;0.323;0.0563;3.911;0.114;rejet_prob;prob 0.220 < seuil 0.323;;;;;;;;;;;;;0.00963;-0.00341;-0.05818;;;;;-0.05818;complet
2026-07-13T15:32:59-04:00;America/New_York;11fa6982d2cf3659;scan;AMD;yahoo;535.35;0.2483;0.323;0.1683;1.475;0.231;rejet_prob;prob 0.248 < seuil 0.323;;;;;;;;;;;;;0.02387;-0.06428;-0.05936;;;;;-0.05936;complet
2026-07-13T15:32:59-04:00;America/New_York;11fa6982d2cf3659;scan;META;yahoo;658.5799;0.0472;0.323;0.1334;0.354;0.712;rejet_prob;prob 0.047 < seuil 0.323;;;;;;;;;;;;;0.00374;0.00905;-0.01933;;;;;-0.01933;complet
2026-07-13T15:33:00-04:00;America/New_York;11fa6982d2cf3659;scan;SPY;yahoo;748.7;0.2996;0.323;0.1252;2.393;-0.174;rejet_prob;prob 0.300 < seuil 0.323;;;;;;;;;;;;;0.00418;0.0027;-0.00883;;;;;0.00883;complet
2026-07-13T15:33:01-04:00;America/New_York;11fa6982d2cf3659;scan;QQQ;yahoo;711.13;0.2136;0.323;0.074;2.886;-0.419;rejet_prob;prob 0.214 < seuil 0.323;;;;;;;;;;;;;0.01204;-0.0073;-0.02119;;;;;0.02119;complet
2026-07-13T15:33:02-04:00;America/New_York;11fa6982d2cf3659;scan;COIN;yahoo;155.77;0.1883;0.323;0.2926;0.644;0.102;rejet_prob;prob 0.188 < seuil 0.323;;;;;;;;;;;;;0.03679;0.0303;0.02992;;;;;0.02992;complet
2026-07-13T15:33:02-04:00;America/New_York;11fa6982d2cf3659;scan;PLTR;yahoo;128.2;0.1093;0.323;0.2002;0.546;0.183;rejet_prob;prob 0.109 < seuil 0.323;;;;;;;;;;;;;0.04306;0.04867;0.05187;;;;;0.05187;complet
2026-07-13T15:33:02-04:00;America/New_York;11fa6982d2cf3659;C;PLTR;yahoo;128.2;0.1093;0.323;0.2002;0.546;0.183;controle_aleatoire;contrôle apparié, direction aléatoire hausse;;;;;;;;;;;;;0.04306;0.04867;0.05187;;;;;0.05187;complet
2026-07-13T15:33:03-04:00;America/New_York;11fa6982d2cf3659;scan;SOFI;yahoo;18.1464;0.2169;0.323;0.4136;0.524;0.41;rejet_prob;prob 0.217 < seuil 0.323;;;;;;;;;;;;;0.02224;-0.04554;-0.06262;;;;;-0.06262;complet
2026-07-13T15:33:03-04:00;America/New_York;11fa6982d2cf3659;A;SOFI;yahoo;18.1464;0.2169;0.323;0.4136;0.524;0.41;rejet_prob;prob 0.217 < seuil 0.323;call;19.5;2026-08-07;25.0;0.85;0.89;0.87;0.7227;0.394;-0.0272;0.0183;89.0;0.02224;-0.04554;-0.06262;1.03;0.37;0.38;-0.6317;-0.06262;complet
2026-07-13T15:33:03-04:00;America/New_York;11fa6982d2cf3659;scan;MARA;yahoo;12.0543;0.1526;0.323;0.2638;0.578;-0.183;rejet_prob;prob 0.153 < seuil 0.323;;;;;;;;;;;;;0.00877;-0.05262;-0.03188;;;;;0.03188;complet
2026-07-13T15:33:04-04:00;America/New_York;11fa6982d2cf3659;scan;F;yahoo;13.8423;0.2543;0.323;0.4107;0.619;0.099;rejet_prob;prob 0.254 < seuil 0.323;;;;;;;;;;;;;0.00706;0.02512;0.01067;;;;;0.01067;complet
2026-07-13T15:33:05-04:00;America/New_York;11fa6982d2cf3659;scan;T;yahoo;21.4702;0.0665;0.323;0.1578;0.421;-0.083;rejet_prob;prob 0.067 < seuil 0.323;;;;;;;;;;;;;-0.00886;0.02374;0.02235;;;;;-0.02235;complet
2026-07-13T15:33:05-04:00;America/New_York;11fa6982d2cf3659;scan;PFE;yahoo;24.4998;0.1953;0.323;0.173;1.129;0.162;rejet_prob;prob 0.195 < seuil 0.323;;;;;;;;;;;;;-0.0102;0.02613;0.01021;;;;;0.01021;complet
2026-07-13T15:33:06-04:00;America/New_York;11fa6982d2cf3659;scan;AAL;yahoo;16.3302;0.1917;0.323;0.2435;0.787;-0.001;rejet_prob;prob 0.192 < seuil 0.323;;;;;;;;;;;;;-0.04043;-0.04471;-0.07288;;;;;0.07288;complet
2026-07-13T15:33:06-04:00;America/New_York;11fa6982d2cf3659;scan;NIO;yahoo;4.895;0.3521;0.323;0.3206;1.098;0.244;rejet_ratio;options déjà chères : ratio 1.10 < 1.5 (p_implicite 0.321);;;;;;;;;;;;;0.02349;0.01941;-0.01736;;;;;-0.01736;complet
2026-07-13T15:33:07-04:00;America/New_York;11fa6982d2cf3659;scan;INTC;yahoo;102.27;0.1836;0.323;0.141;1.302;-0.282;rejet_prob;prob 0.184 < seuil 0.323;;;;;;;;;;;;;0.05368;-0.05173;-0.05094;;;;;0.05094;complet
2026-07-13T15:33:07-04:00;America/New_York;11fa6982d2cf3659;scan;PLUG;yahoo;2.155;0.4752;0.323;0.501;0.949;-0.316;rejet_ratio;options déjà chères : ratio 0.95 < 1.5 (p_implicite 0.501);;;;;;;;;;;;;0.05336;-0.00232;-0.0116;;;;;0.0116;complet
2026-07-13T15:33:08-04:00;America/New_York;11fa6982d2cf3659;scan;RIVN;yahoo;17.125;0.037;0.323;0.0275;1.345;0.202;rejet_prob;prob 0.037 < seuil 0.323;;;;;;;;;;;;;0.0219;-0.00204;0.00672;;;;;0.00672;complet
2026-07-13T15:33:08-04:00;America/New_York;11fa6982d2cf3659;scan;LCID;yahoo;5.5001;0.034;0.323;0.1422;0.239;0.322;rejet_prob;prob 0.034 < seuil 0.323;;;;;;;;;;;;;-0.16002;0.17452;0.2927;;;;;0.2927;complet
2026-07-13T15:33:08-04:00;America/New_York;11fa6982d2cf3659;A;LCID;yahoo;5.5001;0.034;0.323;0.1422;0.239;0.322;rejet_prob;prob 0.034 < seuil 0.323;call;6.0;2026-08-07;25.0;0.36;0.46;0.41;1.0313;0.43;-0.0119;0.0057;46.0;-0.16002;0.17452;0.2927;0.36;0.84;1.03;1.8658;0.2927;complet
2026-07-13T15:33:09-04:00;America/New_York;11fa6982d2cf3659;scan;SNAP;yahoo;4.665;0.0595;0.323;0.2673;0.223;0.21;rejet_prob;prob 0.059 < seuil 0.323;;;;;;;;;;;;;0.00322;0.00536;-0.02251;;;;;-0.02251;complet
2026-07-13T15:33:09-04:00;America/New_York;11fa6982d2cf3659;scan;WBD;yahoo;27.19;0.1281;0.323;0.7844;0.163;0.337;rejet_prob;prob 0.128 < seuil 0.323;;;;;;;;;;;;;0.01067;0.00368;-0.04892;;;;;-0.04892;complet
2026-07-13T15:33:09-04:00;America/New_York;11fa6982d2cf3659;A;WBD;yahoo;27.19;0.1281;0.323;0.7844;0.163;0.337;rejet_prob;prob 0.128 < seuil 0.323;call;28.0;2026-08-07;25.0;0.75;1.0;0.875;0.4668;0.439;-0.0275;0.0281;100.0;0.01067;0.00368;-0.04892;0.6;;;-0.632;-0.04892;complet
2026-07-13T15:33:10-04:00;America/New_York;11fa6982d2cf3659;scan;VALE;yahoo;14.115;0.3103;0.323;0.2396;1.295;-0.289;rejet_prob;prob 0.310 < seuil 0.323;;;;;;;;;;;;;0.03365;0.00744;-0.00106;;;;;0.00106;complet
2026-07-13T15:33:10-04:00;America/New_York;11fa6982d2cf3659;scan;PBR;yahoo;17.8302;0.1235;0.323;0.4217;0.293;0.381;rejet_prob;prob 0.123 < seuil 0.323;;;;;;;;;;;;;0.00504;-0.0202;0.02018;;;;;0.02018;complet
2026-07-13T15:33:10-04:00;America/New_York;11fa6982d2cf3659;A;PBR;yahoo;17.8302;0.1235;0.323;0.4217;0.293;0.381;rejet_prob;prob 0.123 < seuil 0.323;call;18.5;2026-08-07;25.0;0.04;0.75;0.395;0.5439;0.434;-0.0208;0.0184;75.0;0.00504;-0.0202;0.02018;0.4;;0.26;0.0059;0.02018;complet
2026-07-13T15:33:11-04:00;America/New_York;11fa6982d2cf3659;scan;GOLD;yahoo;38.07;0.1904;0.323;0.3089;0.616;0.103;rejet_prob;prob 0.190 < seuil 0.323;;;;;;;;;;;;;0.02627;0.01602;-0.01313;;;;;-0.01313;complet
2026-07-13T15:33:11-04:00;America/New_York;11fa6982d2cf3659;scan;CLF;yahoo;9.645;0.051;0.323;0.4376;0.117;-0.19;rejet_prob;prob 0.051 < seuil 0.323;;;;;;;;;;;;;0.01503;-0.01192;-0.06895;;;;;0.06895;complet
2026-07-13T15:33:12-04:00;America/New_York;11fa6982d2cf3659;scan;CCL;yahoo;26.56;0.2253;0.323;0.1624;1.387;-0.186;rejet_prob;prob 0.225 < seuil 0.323;;;;;;;;;;;;;-0.00226;0.0113;-0.01958;;;;;0.01958;complet
2026-07-13T15:33:13-04:00;America/New_York;11fa6982d2cf3659;scan;RIOT;yahoo;19.855;0.1151;0.323;0.2949;0.39;-0.168;rejet_prob;prob 0.115 < seuil 0.323;;;;;;;;;;;;;0.01687;-0.05213;0.00227;;;;;-0.00227;complet
2026-07-13T15:33:13-04:00;America/New_York;11fa6982d2cf3659;scan;TLRY;yahoo;4.44;0.2739;0.323;0.6333;0.432;0.021;rejet_prob;prob 0.274 < seuil 0.323;;;;;;;;;;;;;-0.01351;-0.02027;-0.0473;;;;;-0.0473;complet
2026-07-13T15:33:14-04:00;America/New_York;11fa6982d2cf3659;scan;BAC;yahoo;59.365;0.2569;0.323;0.265;0.969;0.405;rejet_prob;prob 0.257 < seuil 0.323;;;;;;;;;;;;;0.02114;0.0358;0.01777;;;;;0.01777;complet
2026-07-13T15:33:14-04:00;America/New_York;11fa6982d2cf3659;A;BAC;yahoo;59.365;0.2569;0.323;0.265;0.969;0.405;rejet_prob;prob 0.257 < seuil 0.323;call;61.0;2026-08-07;25.0;0.98;1.02;1.0;0.2676;0.379;-0.0343;0.0591;102.0;0.02114;0.0358;0.01777;1.45;1.82;1.27;0.202;0.01777;complet
2026-07-13T15:33:14-04:00;America/New_York;11fa6982d2cf3659;scan;AGNC;yahoo;10.985;0.14;0.323;0.2501;0.56;0.561;rejet_prob;prob 0.140 < seuil 0.323;;;;;;;;;;;;;0.01775;0.04051;-0.00592;;;;;-0.00592;complet
2026-07-13T15:33:14-04:00;America/New_York;11fa6982d2cf3659;A;AGNC;yahoo;10.985;0.14;0.323;0.2501;0.56;0.561;rejet_prob;prob 0.140 < seuil 0.323;call;11.0;2026-08-07;25.0;0.23;0.27;0.25;0.2363;0.523;-0.0061;0.0114;27.0;0.01775;0.04051;-0.00592;0.32;0.37;0.11;-0.2503;-0.00592;complet
2026-07-13T15:33:15-04:00;America/New_York;11fa6982d2cf3659;scan;KVUE;yahoo;19.19;0.1503;0.323;0.4543;0.331;-0.288;rejet_prob;prob 0.150 < seuil 0.323;;;;;;;;;;;;;-0.02241;-0.00886;-0.00886;;;;;0.00886;complet
2026-07-14T11:10:55-04:00;America/New_York;11fa6982d2cf3659;scan;AAPL;yahoo;315.85;0.0284;0.323;0.062;0.458;0.288;rejet_prob;prob 0.028 < seuil 0.323;;;;;;;;;;;;;0.03688;0.05664;0.03764;;;;;0.03764;complet
2026-07-14T11:10:56-04:00;America/New_York;11fa6982d2cf3659;scan;NVDA;yahoo;207.96;0.2728;0.323;0.1394;1.957;0.242;rejet_prob;prob 0.273 < seuil 0.323;;;;;;;;;;;;;0.02183;-0.02476;-0.00322;;;;;-0.00322;complet
2026-07-14T11:10:57-04:00;America/New_York;11fa6982d2cf3659;scan;TSLA;yahoo;401.93;0.2299;0.323;0.0561;4.098;0.12;rejet_prob;prob 0.230 < seuil 0.323;;;;;;;;;;;;;-0.01859;-0.05247;-0.05722;;;;;-0.05722;complet
2026-07-14T11:10:57-04:00;America/New_York;11fa6982d2cf3659;scan;AMD;yahoo;563.435;0.195;0.323;0.1542;1.265;0.372;rejet_prob;prob 0.195 < seuil 0.323;;;;;;;;;;;;;-0.06087;-0.12011;-0.03373;;;;;-0.03373;complet
2026-07-14T11:10:58-04:00;America/New_York;11fa6982d2cf3659;scan;META;yahoo;662.705;0.0411;0.323;0.1298;0.317;0.674;rejet_prob;prob 0.041 < seuil 0.323;;;;;;;;;;;;;0.02807;-0.02519;-0.02851;;;;;-0.02851;complet
2026-07-14T11:11:00-04:00;America/New_York;11fa6982d2cf3659;scan;SPY;yahoo;752.7;0.3652;0.323;0.0954;3.828;-0.058;signal_sans_direction;mouvement probable mais aucune direction claire : pas de trade;;;;;;;;;;;;;0.0028;-0.0125;-0.00587;;;;;0.00587;complet
2026-07-14T11:11:01-04:00;America/New_York;11fa6982d2cf3659;scan;QQQ;yahoo;721.2362;0.1628;0.323;0.0592;2.75;-0.216;rejet_prob;prob 0.163 < seuil 0.323;;;;;;;;;;;;;-0.00485;-0.03592;-0.01701;;;;;0.01701;complet
2026-07-14T11:11:02-04:00;America/New_York;11fa6982d2cf3659;scan;COIN;yahoo;158.63;0.1473;0.323;0.3044;0.484;0.287;rejet_prob;prob 0.147 < seuil 0.323;;;;;;;;;;;;;0.05409;-0.00952;0.10855;;;;;0.10855;complet
2026-07-14T11:11:03-04:00;America/New_York;11fa6982d2cf3659;scan;PLTR;yahoo;133.035;0.1055;0.323;0.2121;0.497;0.47;rejet_prob;prob 0.105 < seuil 0.323;;;;;;;;;;;;;0.00545;-0.00492;-0.00282;;;;;-0.00282;complet
2026-07-14T11:11:04-04:00;America/New_York;11fa6982d2cf3659;scan;SOFI;yahoo;18.625;0.3035;0.323;0.4157;0.73;0.51;rejet_prob;prob 0.303 < seuil 0.323;;;;;;;;;;;;;-0.04054;-0.07221;-0.05289;;;;;-0.05289;complet
2026-07-14T11:11:04-04:00;America/New_York;11fa6982d2cf3659;A;SOFI;yahoo;18.625;0.3035;0.323;0.4157;0.73;0.51;rejet_prob;prob 0.303 < seuil 0.323;call;20.0;2026-08-07;24.0;0.86;0.94;0.9;0.7393;0.395;-0.0291;0.0184;94.0;-0.04054;-0.07221;-0.05289;0.7;0.28;0.26;-0.5999;-0.05289;complet
2026-07-14T11:11:05-04:00;America/New_York;11fa6982d2cf3659;scan;MARA;yahoo;12.195;0.1481;0.323;0.2976;0.498;-0.174;rejet_prob;prob 0.148 < seuil 0.323;;;;;;;;;;;;;0.00779;-0.12341;0.00451;;;;;-0.00451;complet
2026-07-14T11:11:06-04:00;America/New_York;11fa6982d2cf3659;scan;F;yahoo;13.95;0.1533;0.323;0.4165;0.368;0.325;rejet_prob;prob 0.153 < seuil 0.323;;;;;;;;;;;;;0.01649;0.02007;0.02294;;;;;0.02294;complet
2026-07-14T11:11:06-04:00;America/New_York;11fa6982d2cf3659;A;F;yahoo;13.95;0.1533;0.323;0.4165;0.368;0.325;rejet_prob;prob 0.153 < seuil 0.323;call;14.5;2026-08-07;24.0;0.38;0.43;0.405;0.4512;0.401;-0.0136;0.0138;43.0;0.01649;0.02007;0.02294;0.53;0.45;0.54;0.0787;0.02294;complet
2026-07-14T11:11:06-04:00;America/New_York;11fa6982d2cf3659;scan;T;yahoo;21.32;0.1588;0.323;0.171;0.929;-0.042;rejet_prob;prob 0.159 < seuil 0.323;;;;;;;;;;;;;0.00516;0.02298;0.04409;;;;;-0.04409;complet
2026-07-14T11:11:07-04:00;America/New_York;11fa6982d2cf3659;scan;PFE;yahoo;24.16;0.2976;0.323;0.1936;1.537;-0.093;rejet_prob;prob 0.298 < seuil 0.323;;;;;;;;;;;;;0.02732;0.03684;0.03228;;;;;-0.03228;complet
2026-07-14T11:11:08-04:00;America/New_York;11fa6982d2cf3659;scan;AAL;yahoo;16.125;0.1442;0.323;0.238;0.606;0.115;rejet_prob;prob 0.144 < seuil 0.323;;;;;;;;;;;;;-0.0307;-0.07101;-0.0524;;;;;-0.0524;complet
2026-07-14T11:11:08-04:00;America/New_York;11fa6982d2cf3659;scan;NIO;yahoo;5.0501;0.3379;0.323;0.3459;0.977;0.088;rejet_ratio;options déjà chères : ratio 0.98 < 1.5 (p_implicite 0.346);;;;;;;;;;;;;-0.00398;-0.03368;-0.0515;;;;;-0.0515;complet
2026-07-14T11:11:09-04:00;America/New_York;11fa6982d2cf3659;scan;INTC;yahoo;105.86;0.1721;0.323;0.1657;1.039;-0.296;rejet_prob;prob 0.172 < seuil 0.323;;;;;;;;;;;;;-0.02711;-0.10221;-0.00387;;;;;0.00387;complet
2026-07-14T11:11:10-04:00;America/New_York;11fa6982d2cf3659;scan;PLUG;yahoo;2.28;0.3567;0.323;0.43;0.83;0.056;rejet_ratio;options déjà chères : ratio 0.83 < 1.5 (p_implicite 0.430);;;;;;;;;;;;;-0.0307;-0.04825;-0.00439;;;;;-0.00439;complet
2026-07-14T11:11:11-04:00;America/New_York;11fa6982d2cf3659;scan;RIVN;yahoo;17.485;0.0255;0.323;0.0298;0.856;0.286;rejet_prob;prob 0.025 < seuil 0.323;;;;;;;;;;;;;0.01802;-0.00172;0.01573;;;;;0.01573;complet
2026-07-14T11:11:12-04:00;America/New_York;11fa6982d2cf3659;scan;LCID;yahoo;5.52;0.0195;0.323;0.1612;0.121;-0.082;rejet_prob;prob 0.019 < seuil 0.323;;;;;;;;;;;;;0.0779;0.33333;0.32609;;;;;-0.32609;complet
2026-07-14T11:11:12-04:00;America/New_York;11fa6982d2cf3659;scan;SNAP;yahoo;4.6351;0.172;0.323;0.2914;0.59;-0.197;rejet_prob;prob 0.172 < seuil 0.323;;;;;;;;;;;;;0.02695;-0.02267;-0.0162;;;;;0.0162;complet
2026-07-14T11:11:13-04:00;America/New_York;11fa6982d2cf3659;scan;WBD;yahoo;27.4969;0.1311;0.323;0.8916;0.147;0.081;rejet_prob;prob 0.131 < seuil 0.323;;;;;;;;;;;;;-0.00825;-0.0228;-0.06062;;;;;-0.06062;complet
2026-07-14T11:11:14-04:00;America/New_York;11fa6982d2cf3659;scan;VALE;yahoo;14.645;0.2915;0.323;0.2512;1.16;-0.422;rejet_prob;prob 0.291 < seuil 0.323;;;;;;;;;;;;;0.00171;-0.03107;-0.02697;;;;;0.02697;complet
2026-07-14T11:11:14-04:00;America/New_York;11fa6982d2cf3659;A;VALE;yahoo;14.645;0.2915;0.323;0.2512;1.16;-0.422;rejet_prob;prob 0.291 < seuil 0.323;put;14.0;2026-08-07;24.0;0.15;0.6;0.375;0.5928;0.348;-0.0164;0.0139;60.0;0.00171;-0.03107;-0.02697;;;;-0.019;0.02697;complet
2026-07-14T11:11:15-04:00;America/New_York;11fa6982d2cf3659;scan;PBR;yahoo;17.835;0.1317;0.323;0.3555;0.37;0.537;rejet_prob;prob 0.132 < seuil 0.323;;;;;;;;;;;;;0.0014;0.00757;0.03953;;;;;0.03953;complet
2026-07-14T11:11:15-04:00;America/New_York;11fa6982d2cf3659;A;PBR;yahoo;17.835;0.1317;0.323;0.3555;0.37;0.537;rejet_prob;prob 0.132 < seuil 0.323;call;18.5;2026-08-07;24.0;0.4;0.9;0.65;0.6348;0.45;-0.0248;0.0181;90.0;0.0014;0.00757;0.03953;0.3;;;0.1669;0.03953;complet
2026-07-14T11:11:15-04:00;America/New_York;11fa6982d2cf3659;scan;GOLD;yahoo;38.785;0.3675;0.323;0.3527;1.042;-0.106;rejet_ratio;options déjà chères : ratio 1.04 < 1.5 (p_implicite 0.353);;;;;;;;;;;;;0.01998;-0.01225;0.02978;;;;;-0.02978;complet
2026-07-14T11:11:16-04:00;America/New_York;11fa6982d2cf3659;scan;CLF;yahoo;9.77;0.0431;0.323;0.4211;0.102;-0.117;rejet_prob;prob 0.043 < seuil 0.323;;;;;;;;;;;;;0.00819;-0.05015;-0.05322;;;;;0.05322;complet
2026-07-14T11:11:17-04:00;America/New_York;11fa6982d2cf3659;scan;CCL;yahoo;26.6;0.1469;0.323;0.1972;0.745;0.056;rejet_prob;prob 0.147 < seuil 0.323;;;;;;;;;;;;;-0.00038;-0.00714;-0.01654;;;;;-0.01654;complet
2026-07-14T11:11:18-04:00;America/New_York;11fa6982d2cf3659;scan;RIOT;yahoo;20.41;0.0602;0.323;0.318;0.189;-0.286;rejet_prob;prob 0.060 < seuil 0.323;;;;;;;;;;;;;-0.01519;-0.10534;0.05292;;;;;-0.05292;complet
2026-07-14T11:11:19-04:00;America/New_York;11fa6982d2cf3659;scan;TLRY;yahoo;4.33;0.3496;0.323;0.6555;0.533;-0.202;rejet_ratio;options déjà chères : ratio 0.53 < 1.5 (p_implicite 0.655);;;;;;;;;;;;;0.01155;-0.00693;-0.02079;;;;;0.02079;complet
2026-07-14T11:11:19-04:00;America/New_York;11fa6982d2cf3659;scan;BAC;yahoo;61.005;0.2131;0.323;0.1836;1.161;0.45;rejet_prob;prob 0.213 < seuil 0.323;;;;;;;;;;;;;0.00959;0.00434;0.00352;;;;;0.00352;complet
2026-07-14T11:11:19-04:00;America/New_York;11fa6982d2cf3659;A;BAC;yahoo;61.005;0.2131;0.323;0.1836;1.161;0.45;rejet_prob;prob 0.213 < seuil 0.323;call;62.0;2026-08-07;24.0;1.01;1.1;1.055;0.2412;0.427;-0.0339;0.0614;110.0;0.00959;0.00434;0.00352;1.29;0.76;0.93;-0.1099;0.00352;complet
2026-07-14T11:11:20-04:00;America/New_York;11fa6982d2cf3659;scan;AGNC;yahoo;11.2;0.1601;0.323;0.2369;0.676;0.239;rejet_prob;prob 0.160 < seuil 0.323;;;;;;;;;;;;;0.01071;0.00179;-0.0375;;;;;-0.0375;complet
2026-07-14T11:11:21-04:00;America/New_York;11fa6982d2cf3659;scan;KVUE;yahoo;18.93;0.1192;0.323;0.205;0.581;-0.243;rejet_prob;prob 0.119 < seuil 0.323;;;;;;;;;;;;;-0.01215;0.00264;0.00423;;;;;-0.00423;complet
2026-07-15T11:11:34-04:00;America/New_York;11fa6982d2cf3659;scan;AAPL;yahoo;324.085;0.0116;0.323;0.0745;0.156;0.576;rejet_prob;prob 0.012 < seuil 0.323;;;;;;;;;;;;;0.02831;0.00773;;;;;;;en_attente
2026-07-15T11:11:35-04:00;America/New_York;11fa6982d2cf3659;scan;NVDA;yahoo;209.5293;0.2757;0.323;0.143;1.928;0.407;rejet_prob;prob 0.276 < seuil 0.323;;;;;;;;;;;;;-0.01016;-0.02983;;;;;;;en_attente
2026-07-15T11:11:36-04:00;America/New_York;11fa6982d2cf3659;scan;TSLA;yahoo;397.4;0.188;0.323;0.066;2.848;0.159;rejet_prob;prob 0.188 < seuil 0.323;;;;;;;;;;;;;-0.01595;-0.07003;;;;;;;en_attente
2026-07-15T11:11:36-04:00;America/New_York;11fa6982d2cf3659;scan;AMD;yahoo;520.31;0.1364;0.323;0.1911;0.714;0.279;rejet_prob;prob 0.136 < seuil 0.323;;;;;;;;;;;;;-0.03723;-0.03217;;;;;;;en_attente
2026-07-15T11:11:37-04:00;America/New_York;11fa6982d2cf3659;scan;META;yahoo;684.335;0.0781;0.323;0.1503;0.52;0.76;rejet_prob;prob 0.078 < seuil 0.323;;;;;;;;;;;;;-0.02893;-0.05624;;;;;;;en_attente
2026-07-15T11:11:38-04:00;America/New_York;11fa6982d2cf3659;scan;SPY;yahoo;753.849;0.3602;0.323;0.0841;4.283;-0.054;signal_sans_direction;mouvement probable mais aucune direction claire : pas de trade;;;;;;;;;;;;;-0.00415;-0.0156;;;;;;;en_attente
2026-07-15T11:11:39-04:00;America/New_York;11fa6982d2cf3659;scan;QQQ;yahoo;716.16;0.2334;0.323;0.0652;3.58;-0.507;rejet_prob;prob 0.233 < seuil 0.323;;;;;;;;;;;;;-0.01427;-0.02807;;;;;;;en_attente
2026-07-15T11:11:39-04:00;America/New_York;11fa6982d2cf3659;scan;COIN;yahoo;163.79;0.1469;0.323;0.3377;0.435;0.274;rejet_prob;prob 0.147 < seuil 0.323;;;;;;;;;;;;;-0.02015;-0.02051;;;;;;;en_attente
2026-07-15T11:11:40-04:00;America/New_York;11fa6982d2cf3659;scan;PLTR;yahoo;134.785;0.1083;0.323;0.2235;0.485;0.308;rejet_prob;prob 0.108 < seuil 0.323;;;;;;;;;;;;;-0.00256;0.00048;;;;;;;en_attente
2026-07-15T11:11:40-04:00;America/New_York;11fa6982d2cf3659;scan;SOFI;yahoo;18.3101;0.2538;0.323;0.4172;0.608;0.554;rejet_prob;prob 0.254 < seuil 0.323;;;;;;;;;;;;;-0.05407;-0.071;;;;;;;en_attente
2026-07-15T11:11:40-04:00;America/New_York;11fa6982d2cf3659;A;SOFI;yahoo;18.3101;0.2538;0.323;0.4172;0.608;0.554;rejet_prob;prob 0.254 < seuil 0.323;call;19.5;2026-08-07;23.0;0.84;0.88;0.86;0.7119;0.402;-0.0283;0.0178;88.0;-0.05407;-0.071;;0.37;0.38;;;;en_attente
2026-07-15T11:11:41-04:00;America/New_York;11fa6982d2cf3659;scan;MARA;yahoo;11.965;0.119;0.323;0.3089;0.385;-0.144;rejet_prob;prob 0.119 < seuil 0.323;;;;;;;;;;;;;-0.04555;-0.02466;;;;;;;en_attente
2026-07-15T11:11:42-04:00;America/New_York;11fa6982d2cf3659;scan;F;yahoo;14.305;0.3422;0.323;0.3638;0.941;0.326;rejet_ratio;options déjà chères : ratio 0.94 < 1.5 (p_implicite 0.364);;;;;;;;;;;;;-0.00804;-0.02202;;;;;;;en_attente
2026-07-15T11:11:42-04:00;America/New_York;11fa6982d2cf3659;A;F;yahoo;14.305;0.3422;0.323;0.3638;0.941;0.326;rejet_ratio;options déjà chères : ratio 0.94 < 1.5 (p_implicite 0.364);call;15.0;2026-08-07;23.0;0.35;0.38;0.365;0.4473;0.366;-0.0137;0.0135;38.0;-0.00804;-0.02202;;0.35;0.3;;;;en_attente
2026-07-15T11:11:42-04:00;America/New_York;11fa6982d2cf3659;scan;T;yahoo;21.4697;0.0599;0.323;0.1702;0.352;-0.018;rejet_prob;prob 0.060 < seuil 0.323;;;;;;;;;;;;;0.02377;0.02237;;;;;;;en_attente
2026-07-15T11:11:43-04:00;America/New_York;11fa6982d2cf3659;scan;PFE;yahoo;24.69;0.1649;0.323;0.2358;0.699;0.201;rejet_prob;prob 0.165 < seuil 0.323;;;;;;;;;;;;;0.01823;0.00243;;;;;;;en_attente
2026-07-15T11:11:43-04:00;America/New_York;11fa6982d2cf3659;scan;AAL;yahoo;15.9301;0.1499;0.323;0.245;0.612;0.059;rejet_prob;prob 0.150 < seuil 0.323;;;;;;;;;;;;;-0.02072;-0.0496;;;;;;;en_attente
2026-07-15T11:11:44-04:00;America/New_York;11fa6982d2cf3659;scan;NIO;yahoo;5.13;0.3908;0.323;0.3251;1.202;0.262;rejet_ratio;options déjà chères : ratio 1.20 < 1.5 (p_implicite 0.325);;;;;;;;;;;;;-0.02729;-0.06238;;;;;;;en_attente
2026-07-15T11:11:45-04:00;America/New_York;11fa6982d2cf3659;scan;INTC;yahoo;102.1599;0.1397;0.323;0.2142;0.652;-0.143;rejet_prob;prob 0.140 < seuil 0.323;;;;;;;;;;;;;-0.0507;-0.04992;;;;;;;en_attente
2026-07-15T11:11:45-04:00;America/New_York;11fa6982d2cf3659;scan;PLUG;yahoo;2.2199;0.368;0.323;0.5084;0.724;-0.272;rejet_ratio;options déjà chères : ratio 0.72 < 1.5 (p_implicite 0.508);;;;;;;;;;;;;-0.03149;-0.0405;;;;;;;en_attente
2026-07-15T11:11:46-04:00;America/New_York;11fa6982d2cf3659;scan;RIVN;yahoo;18.255;0.0271;0.323;0.0351;0.772;0.5;rejet_prob;prob 0.027 < seuil 0.323;;;;;;;;;;;;;-0.06382;-0.0556;;;;;;;en_attente
2026-07-15T11:11:46-04:00;America/New_York;11fa6982d2cf3659;A;RIVN;yahoo;18.255;0.0271;0.323;0.0351;0.772;0.5;rejet_prob;prob 0.027 < seuil 0.323;call;19.5;2026-08-07;23.0;0.99;1.12;1.055;0.8311;0.421;-0.0332;0.0179;112.0;-0.06382;-0.0556;;0.46;0.62;;;;en_attente
2026-07-15T11:11:46-04:00;America/New_York;11fa6982d2cf3659;scan;LCID;yahoo;5.4699;0.034;0.323;0.2646;0.128;0.088;rejet_prob;prob 0.034 < seuil 0.323;;;;;;;;;;;;;0.18101;0.29984;;;;;;;en_attente
2026-07-15T11:11:47-04:00;America/New_York;11fa6982d2cf3659;scan;SNAP;yahoo;4.8103;0.2212;0.323;0.3515;0.629;0.27;rejet_prob;prob 0.221 < seuil 0.323;;;;;;;;;;;;;-0.02501;-0.05203;;;;;;;en_attente
2026-07-15T11:11:47-04:00;America/New_York;11fa6982d2cf3659;scan;WBD;yahoo;27.225;0.1378;0.323;0.7073;0.195;0.4;rejet_prob;prob 0.138 < seuil 0.323;;;;;;;;;;;;;0.00239;-0.05014;;;;;;;en_attente
2026-07-15T11:11:47-04:00;America/New_York;11fa6982d2cf3659;A;WBD;yahoo;27.225;0.1378;0.323;0.7073;0.195;0.4;rejet_prob;prob 0.138 < seuil 0.323;call;28.0;2026-08-07;23.0;0.35;0.8;0.575;0.4063;0.422;-0.0249;0.0267;80.0;0.00239;-0.05014;;;;;;;en_attente
2026-07-15T11:11:48-04:00;America/New_York;11fa6982d2cf3659;scan;VALE;yahoo;14.595;0.3013;0.323;0.2597;1.16;-0.165;rejet_prob;prob 0.301 < seuil 0.323;;;;;;;;;;;;;-0.02569;-0.03392;;;;;;;en_attente
2026-07-15T11:11:49-04:00;America/New_York;11fa6982d2cf3659;scan;PBR;yahoo;17.785;0.1196;0.323;0.4776;0.25;0.352;rejet_prob;prob 0.120 < seuil 0.323;;;;;;;;;;;;;-0.01771;0.02277;;;;;;;en_attente
2026-07-15T11:11:49-04:00;America/New_York;11fa6982d2cf3659;A;PBR;yahoo;17.785;0.1196;0.323;0.4776;0.25;0.352;rejet_prob;prob 0.120 < seuil 0.323;call;18.5;2026-08-07;23.0;0.06;0.55;0.305;0.4639;0.399;-0.0182;0.0172;55.0;-0.01771;0.02277;;;0.26;;;;en_attente
2026-07-15T11:11:49-04:00;America/New_York;11fa6982d2cf3659;scan;GOLD;yahoo;39.49;0.346;0.323;0.3416;1.013;0.147;rejet_ratio;options déjà chères : ratio 1.01 < 1.5 (p_implicite 0.342);;;;;;;;;;;;;-0.02051;-0.04862;;;;;;;en_attente
2026-07-15T11:11:50-04:00;America/New_York;11fa6982d2cf3659;scan;CLF;yahoo;9.7664;0.0431;0.323;0.4362;0.099;-0.193;rejet_prob;prob 0.043 < seuil 0.323;;;;;;;;;;;;;-0.02421;-0.08052;;;;;;;en_attente
2026-07-15T11:11:50-04:00;America/New_York;11fa6982d2cf3659;scan;CCL;yahoo;27.165;0.2179;0.323;0.1854;1.175;-0.035;rejet_prob;prob 0.218 < seuil 0.323;;;;;;;;;;;;;-0.01123;-0.04141;;;;;;;en_attente
2026-07-15T11:11:51-04:00;America/New_York;11fa6982d2cf3659;scan;RIOT;yahoo;19.95;0.0574;0.323;0.3412;0.168;-0.016;rejet_prob;prob 0.057 < seuil 0.323;;;;;;;;;;;;;-0.05664;-0.00251;;;;;;;en_attente
2026-07-15T11:11:51-04:00;America/New_York;11fa6982d2cf3659;scan;TLRY;yahoo;4.4799;0.3942;0.323;0.6645;0.593;-0.112;rejet_ratio;options déjà chères : ratio 0.59 < 1.5 (p_implicite 0.664);;;;;;;;;;;;;-0.029;-0.05578;;;;;;;en_attente
2026-07-15T11:11:52-04:00;America/New_York;11fa6982d2cf3659;scan;BAC;yahoo;61.795;0.159;0.323;0.1119;1.421;0.54;rejet_prob;prob 0.159 < seuil 0.323;;;;;;;;;;;;;-0.00494;-0.02225;;;;;;;en_attente
2026-07-15T11:11:52-04:00;America/New_York;11fa6982d2cf3659;A;BAC;yahoo;61.795;0.159;0.323;0.1119;1.421;0.54;rejet_prob;prob 0.159 < seuil 0.323;call;63.0;2026-08-07;23.0;0.87;0.92;0.895;0.2261;0.397;-0.0323;0.0598;92.0;-0.00494;-0.02225;;0.8;0.46;;;;en_attente
2026-07-15T11:11:52-04:00;America/New_York;11fa6982d2cf3659;scan;AGNC;yahoo;11.4144;0.0754;0.323;0.4853;0.155;0.904;rejet_prob;prob 0.075 < seuil 0.323;;;;;;;;;;;;;0.00137;-0.04331;;;;;;;en_attente
2026-07-15T11:11:52-04:00;America/New_York;11fa6982d2cf3659;A;AGNC;yahoo;11.4144;0.0754;0.323;0.4853;0.155;0.904;rejet_prob;prob 0.075 < seuil 0.323;call;11.5;2026-08-07;23.0;0.14;0.16;0.15;0.1699;0.465;-0.0048;0.0114;16.0;0.00137;-0.04331;;0.12;0.02;;;;en_attente
2026-07-15T11:11:53-04:00;America/New_York;11fa6982d2cf3659;scan;KVUE;yahoo;18.895;0.2137;0.323;0.4836;0.442;0.026;rejet_prob;prob 0.214 < seuil 0.323;;;;;;;;;;;;;0.00662;0.00662;;;;;;;en_attente
2026-07-16T11:21:07-04:00;America/New_York;11fa6982d2cf3659;scan;AAPL;yahoo;330.19;0.0134;0.323;0.0434;0.309;0.262;rejet_prob;prob 0.013 < seuil 0.323;;;;;;;;;;;;;0.01075;-0.00742;;;;;;;en_attente
2026-07-16T11:21:08-04:00;America/New_York;11fa6982d2cf3659;scan;NVDA;yahoo;206.37;0.3663;0.323;0.2116;1.731;0.23;signal_sans_direction;mouvement probable mais aucune direction claire : pas de trade;;;;;;;;;;;;;-0.01725;0.00446;;;;;;;en_attente
2026-07-16T11:21:09-04:00;America/New_York;11fa6982d2cf3659;scan;TSLA;yahoo;392.68;0.0768;0.323;0.0764;1.005;0.156;rejet_prob;prob 0.077 < seuil 0.323;;;;;;;;;;;;;-0.03015;-0.03502;;;;;;;en_attente
2026-07-16T11:21:09-04:00;America/New_York;11fa6982d2cf3659;scan;AMD;yahoo;506.955;0.1319;0.323;0.1877;0.703;-0.121;rejet_prob;prob 0.132 < seuil 0.323;;;;;;;;;;;;;-0.02208;0.07392;;;;;;;en_attente
2026-07-16T11:21:10-04:00;America/New_York;11fa6982d2cf3659;scan;META;yahoo;675.995;0.0496;0.323;0.1549;0.32;0.671;rejet_prob;prob 0.050 < seuil 0.323;;;;;;;;;;;;;-0.04436;-0.04761;;;;;;;en_attente
2026-07-16T11:21:11-04:00;America/New_York;11fa6982d2cf3659;scan;SPY;yahoo;753.36;0.3096;0.323;0.1821;1.7;-0.081;rejet_prob;prob 0.310 < seuil 0.323;;;;;;;;;;;;;-0.01337;-0.00674;;;;;;;en_attente
2026-07-16T11:21:12-04:00;America/New_York;11fa6982d2cf3659;scan;QQQ;yahoo;709.76;0.209;0.323;0.0925;2.259;-0.282;rejet_prob;prob 0.209 < seuil 0.323;;;;;;;;;;;;;-0.02033;-0.00111;;;;;;;en_attente
2026-07-16T11:21:12-04:00;America/New_York;11fa6982d2cf3659;scan;COIN;yahoo;163.02;0.2101;0.323;0.3461;0.607;0.258;rejet_prob;prob 0.210 < seuil 0.323;;;;;;;;;;;;;-0.03619;0.0787;;;;;;;en_attente
2026-07-16T11:21:13-04:00;America/New_York;11fa6982d2cf3659;scan;PLTR;yahoo;132.37;0.1415;0.323;0.23;0.615;0.231;rejet_prob;prob 0.141 < seuil 0.323;;;;;;;;;;;;;8e-05;0.00219;;;;;;;en_attente
2026-07-16T11:21:14-04:00;America/New_York;11fa6982d2cf3659;scan;SOFI;yahoo;17.675;0.225;0.323;0.406;0.554;0.055;rejet_prob;prob 0.225 < seuil 0.323;;;;;;;;;;;;;-0.02235;-0.00198;;;;;;;en_attente
2026-07-16T11:21:14-04:00;America/New_York;11fa6982d2cf3659;scan;MARA;yahoo;11.6699;0.1434;0.323;0.2868;0.5;-0.23;rejet_prob;prob 0.143 < seuil 0.323;;;;;;;;;;;;;-0.08397;0.04971;;;;;;;en_attente
2026-07-16T11:21:15-04:00;America/New_York;11fa6982d2cf3659;scan;F;yahoo;14.145;0.235;0.323;0.4455;0.527;0.134;rejet_prob;prob 0.235 < seuil 0.323;;;;;;;;;;;;;0.00601;0.00884;;;;;;;en_attente
2026-07-16T11:21:16-04:00;America/New_York;11fa6982d2cf3659;scan;T;yahoo;21.955;0.1337;0.323;0.1145;1.168;0.05;rejet_prob;prob 0.134 < seuil 0.323;;;;;;;;;;;;;-0.0066;0.01389;;;;;;;en_attente
2026-07-16T11:21:16-04:00;America/New_York;11fa6982d2cf3659;scan;PFE;yahoo;25.285;0.1415;0.323;0.1154;1.226;0.422;rejet_prob;prob 0.141 < seuil 0.323;;;;;;;;;;;;;-0.00929;-0.01364;;;;;;;en_attente
2026-07-16T11:21:16-04:00;America/New_York;11fa6982d2cf3659;A;PFE;yahoo;25.285;0.1415;0.323;0.1154;1.226;0.422;rejet_prob;prob 0.141 < seuil 0.323;call;26.0;2026-08-07;22.0;0.21;0.23;0.22;0.1983;0.311;-0.0108;0.0219;23.0;-0.00929;-0.01364;;0.14;0.13;;;;en_attente
2026-07-16T11:21:17-04:00;America/New_York;11fa6982d2cf3659;scan;AAL;yahoo;15.7573;0.1701;0.323;0.2329;0.73;-0.076;rejet_prob;prob 0.170 < seuil 0.323;;;;;;;;;;;;;-0.04933;-0.03029;;;;;;;en_attente
2026-07-16T11:21:17-04:00;America/New_York;11fa6982d2cf3659;scan;NIO;yahoo;5.05;0.4499;0.323;0.3517;1.279;0.167;rejet_ratio;options déjà chères : ratio 1.28 < 1.5 (p_implicite 0.352);;;;;;;;;;;;;-0.03366;-0.05149;;;;;;;en_attente
2026-07-16T11:21:18-04:00;America/New_York;11fa6982d2cf3659;scan;INTC;yahoo;98.6001;0.1671;0.323;0.1603;1.042;-0.105;rejet_prob;prob 0.167 < seuil 0.323;;;;;;;;;;;;;-0.03611;0.06947;;;;;;;en_attente
2026-07-16T11:21:19-04:00;America/New_York;11fa6982d2cf3659;scan;PLUG;yahoo;2.17;0.3948;0.323;0.421;0.938;0.032;rejet_ratio;options déjà chères : ratio 0.94 < 1.5 (p_implicite 0.421);;;;;;;;;;;;;0.0;0.04608;;;;;;;en_attente
2026-07-16T11:21:19-04:00;America/New_York;11fa6982d2cf3659;scan;RIVN;yahoo;17.09;0.015;0.323;0.0359;0.418;0.091;rejet_prob;prob 0.015 < seuil 0.323;;;;;;;;;;;;;0.02136;0.0392;;;;;;;en_attente
2026-07-16T11:21:20-04:00;America/New_York;11fa6982d2cf3659;scan;LCID;yahoo;6.6268;0.0224;0.323;0.2363;0.095;0.068;rejet_prob;prob 0.022 < seuil 0.323;;;;;;;;;;;;;0.11064;0.10461;;;;;;;en_attente
2026-07-16T11:21:20-04:00;America/New_York;11fa6982d2cf3659;scan;SNAP;yahoo;4.745;0.0903;0.323;0.5047;0.179;0.136;rejet_prob;prob 0.090 < seuil 0.323;;;;;;;;;;;;;-0.04531;-0.03899;;;;;;;en_attente
2026-07-16T11:21:21-04:00;America/New_York;11fa6982d2cf3659;scan;WBD;yahoo;27.06;0.1627;0.323;0.8443;0.193;-0.053;rejet_prob;prob 0.163 < seuil 0.323;;;;;;;;;;;;;-0.00702;-0.04545;;;;;;;en_attente
2026-07-16T11:21:21-04:00;America/New_York;11fa6982d2cf3659;scan;VALE;yahoo;14.295;0.2923;0.323;0.337;0.867;0.12;rejet_prob;prob 0.292 < seuil 0.323;;;;;;;;;;;;;-0.00735;-0.00315;;;;;;;en_attente
2026-07-16T11:21:23-04:00;America/New_York;11fa6982d2cf3659;scan;PBR;yahoo;17.695;;0.323;;;0.0;donnees_insuffisantes;historique insuffisant (<130 séances);;;;;;;;;;;;;0.01554;0.04775;;;;;;;en_attente
2026-07-16T11:21:23-04:00;America/New_York;11fa6982d2cf3659;scan;GOLD;yahoo;38.765;0.2557;0.323;0.3362;0.761;-0.085;rejet_prob;prob 0.256 < seuil 0.323;;;;;;;;;;;;;-0.01174;0.03031;;;;;;;en_attente
2026-07-16T11:21:24-04:00;America/New_York;11fa6982d2cf3659;scan;CLF;yahoo;9.65;0.2156;0.323;0.4113;0.524;-0.172;rejet_prob;prob 0.216 < seuil 0.323;;;;;;;;;;;;;-0.03834;-0.04145;;;;;;;en_attente
2026-07-16T11:21:25-04:00;America/New_York;11fa6982d2cf3659;scan;CCL;yahoo;26.4654;0.16;0.323;0.2593;0.617;-0.247;rejet_prob;prob 0.160 < seuil 0.323;;;;;;;;;;;;;-0.00209;-0.01154;;;;;;;en_attente
2026-07-16T11:21:25-04:00;America/New_York;11fa6982d2cf3659;scan;RIOT;yahoo;18.78;0.2642;0.323;0.3053;0.865;-0.247;rejet_prob;prob 0.264 < seuil 0.323;;;;;;;;;;;;;-0.02769;0.1443;;;;;;;en_attente
2026-07-16T11:21:26-04:00;America/New_York;11fa6982d2cf3659;scan;TLRY;yahoo;4.385;0.3297;0.323;0.6452;0.511;-0.206;rejet_ratio;options déjà chères : ratio 0.51 < 1.5 (p_implicite 0.645);;;;;;;;;;;;;-0.01938;-0.03307;;;;;;;en_attente
2026-07-16T11:21:27-04:00;America/New_York;11fa6982d2cf3659;scan;BAC;yahoo;61.655;0.0871;0.323;0.1365;0.638;0.257;rejet_prob;prob 0.087 < seuil 0.323;;;;;;;;;;;;;-0.00624;-0.00706;;;;;;;en_attente
2026-07-16T11:21:27-04:00;America/New_York;11fa6982d2cf3659;scan;AGNC;yahoo;11.395;0.1165;0.323;0.2287;0.509;0.699;rejet_prob;prob 0.117 < seuil 0.323;;;;;;;;;;;;;-0.01536;-0.05397;;;;;;;en_attente
2026-07-16T11:21:27-04:00;America/New_York;11fa6982d2cf3659;A;AGNC;yahoo;11.395;0.1165;0.323;0.2287;0.509;0.699;rejet_prob;prob 0.117 < seuil 0.323;call;11.5;2026-08-07;22.0;0.14;0.19;0.165;0.209;0.46;-0.0059;0.0111;19.0;-0.01536;-0.05397;;0.04;0.01;;;;en_attente
2026-07-16T11:21:28-04:00;America/New_York;11fa6982d2cf3659;scan;KVUE;yahoo;18.999;0.2528;0.323;0.1845;1.37;-0.319;rejet_prob;prob 0.253 < seuil 0.323;;;;;;;;;;;;;-0.001;0.00058;;;;;;;en_attente
2026-07-17T11:01:43-04:00;America/New_York;11fa6982d2cf3659;scan;AAPL;yahoo;332.9058;0.0136;0.323;0.0551;0.247;0.279;rejet_prob;prob 0.014 < seuil 0.323;;;;;;;;;;;;;-0.01897;;;;;;;;en_attente
2026-07-17T11:01:44-04:00;America/New_York;11fa6982d2cf3659;scan;NVDA;yahoo;202.875;0.2754;0.323;0.2253;1.222;0.204;rejet_prob;prob 0.275 < seuil 0.323;;;;;;;;;;;;;0.002;;;;;;;;en_attente
2026-07-17T11:01:45-04:00;America/New_York;11fa6982d2cf3659;scan;TSLA;yahoo;380.0;0.1166;0.323;0.0711;1.64;0.082;rejet_prob;prob 0.117 < seuil 0.323;;;;;;;;;;;;;-0.02745;;;;;;;;en_attente
2026-07-17T11:01:46-04:00;America/New_York;11fa6982d2cf3659;scan;AMD;yahoo;485.12;0.1299;0.323;0.1797;0.723;-0.185;rejet_prob;prob 0.130 < seuil 0.323;;;;;;;;;;;;;0.03803;;;;;;;;en_attente
2026-07-17T11:01:48-04:00;America/New_York;11fa6982d2cf3659;scan;META;yahoo;626.73;0.0543;0.323;0.1495;0.363;0.424;rejet_prob;prob 0.054 < seuil 0.323;;;;;;;;;;;;;0.03051;;;;;;;;en_attente
2026-07-17T11:01:50-04:00;America/New_York;11fa6982d2cf3659;scan;SPY;yahoo;744.43;0.3377;0.323;0.2495;1.354;-0.376;rejet_ratio;options déjà chères : ratio 1.35 < 1.5 (p_implicite 0.249);;;;;;;;;;;;;-0.00314;;;;;;;;en_attente
2026-07-17T11:01:52-04:00;America/New_York;11fa6982d2cf3659;scan;QQQ;yahoo;693.76;0.2994;0.323;0.1125;2.661;-0.621;rejet_prob;prob 0.299 < seuil 0.323;;;;;;;;;;;;;0.00332;;;;;;;;en_attente
2026-07-17T11:01:53-04:00;America/New_York;11fa6982d2cf3659;scan;COIN;yahoo;156.1069;0.2302;0.323;0.3246;0.709;0.011;rejet_prob;prob 0.230 < seuil 0.323;;;;;;;;;;;;;0.02769;;;;;;;;en_attente
2026-07-17T11:01:54-04:00;America/New_York;11fa6982d2cf3659;scan;PLTR;yahoo;131.908;0.0869;0.323;0.242;0.359;0.253;rejet_prob;prob 0.087 < seuil 0.323;;;;;;;;;;;;;0.0223;;;;;;;;en_attente
2026-07-17T11:01:55-04:00;America/New_York;11fa6982d2cf3659;scan;SOFI;yahoo;16.84;0.1538;0.323;0.3786;0.406;-0.013;rejet_prob;prob 0.154 < seuil 0.323;;;;;;;;;;;;;0.0101;;;;;;;;en_attente
2026-07-17T11:01:56-04:00;America/New_York;11fa6982d2cf3659;scan;MARA;yahoo;10.675;0.135;0.323;0.256;0.527;-0.201;rejet_prob;prob 0.135 < seuil 0.323;;;;;;;;;;;;;0.09321;;;;;;;;en_attente
2026-07-17T11:01:58-04:00;America/New_York;11fa6982d2cf3659;scan;F;yahoo;14.32;0.204;0.323;0.4974;0.41;0.147;rejet_prob;prob 0.204 < seuil 0.323;;;;;;;;;;;;;-0.02304;;;;;;;;en_attente
2026-07-17T11:01:59-04:00;America/New_York;11fa6982d2cf3659;scan;T;yahoo;22.28;0.0714;0.323;0.1722;0.415;0.552;rejet_prob;prob 0.071 < seuil 0.323;;;;;;;;;;;;;-0.01481;;;;;;;;en_attente
2026-07-17T11:01:59-04:00;America/New_York;11fa6982d2cf3659;A;T;yahoo;22.28;0.0714;0.323;0.1722;0.415;0.552;rejet_prob;prob 0.071 < seuil 0.323;call;23.0;2026-08-07;21.0;0.44;0.51;0.475;0.3691;0.388;-0.019;0.0205;51.0;-0.01481;;;0.33;;;;;en_attente
2026-07-17T11:02:00-04:00;America/New_York;11fa6982d2cf3659;scan;PFE;yahoo;25.345;0.1432;0.323;0.1287;1.113;0.631;rejet_prob;prob 0.143 < seuil 0.323;;;;;;;;;;;;;-0.02348;;;;;;;;en_attente
2026-07-17T11:02:00-04:00;America/New_York;11fa6982d2cf3659;A;PFE;yahoo;25.345;0.1432;0.323;0.1287;1.113;0.631;rejet_prob;prob 0.143 < seuil 0.323;call;26.0;2026-08-07;21.0;0.22;0.25;0.235;0.2041;0.329;-0.0117;0.022;25.0;-0.02348;;;0.1;;;;;en_attente
2026-07-17T11:02:02-04:00;America/New_York;11fa6982d2cf3659;scan;AAL;yahoo;15.115;0.0955;0.323;0.2098;0.455;-0.012;rejet_prob;prob 0.096 < seuil 0.323;;;;;;;;;;;;;0.00165;;;;;;;;en_attente
2026-07-17T11:02:03-04:00;America/New_York;11fa6982d2cf3659;scan;NIO;yahoo;4.825;0.3046;0.323;0.2944;1.035;0.012;rejet_prob;prob 0.305 < seuil 0.323;;;;;;;;;;;;;-0.00311;;;;;;;;en_attente
2026-07-17T11:02:04-04:00;America/New_York;11fa6982d2cf3659;scan;INTC;yahoo;93.01;0.1574;0.323;0.1598;0.985;-0.169;rejet_prob;prob 0.157 < seuil 0.323;;;;;;;;;;;;;0.04354;;;;;;;;en_attente
2026-07-17T11:02:05-04:00;America/New_York;11fa6982d2cf3659;scan;PLUG;yahoo;2.175;0.2786;0.323;0.5048;0.552;-0.375;rejet_prob;prob 0.279 < seuil 0.323;;;;;;;;;;;;;-0.02069;;;;;;;;en_attente
2026-07-17T11:02:05-04:00;America/New_York;11fa6982d2cf3659;A;PLUG;yahoo;2.175;0.2786;0.323;0.5048;0.552;-0.375;rejet_prob;prob 0.279 < seuil 0.323;put;2.0;2026-08-07;21.0;0.09;0.15;0.12;0.9531;0.311;-0.0041;0.0018;15.0;-0.02069;;;0.06;;;;;en_attente
2026-07-17T11:02:06-04:00;America/New_York;11fa6982d2cf3659;scan;RIVN;yahoo;16.935;0.018;0.323;0.04;0.45;0.273;rejet_prob;prob 0.018 < seuil 0.323;;;;;;;;;;;;;0.01801;;;;;;;;en_attente
2026-07-17T11:02:08-04:00;America/New_York;11fa6982d2cf3659;scan;LCID;yahoo;6.69;0.0212;0.323;0.0952;0.223;0.801;rejet_prob;prob 0.021 < seuil 0.323;;;;;;;;;;;;;0.06278;;;;;;;;en_attente
2026-07-17T11:02:08-04:00;America/New_York;11fa6982d2cf3659;A;LCID;yahoo;6.69;0.0212;0.323;0.0952;0.223;0.801;rejet_prob;prob 0.021 < seuil 0.323;call;7.5;2026-08-07;21.0;0.21;0.52;0.365;0.999;0.365;-0.0146;0.006;52.0;0.06278;;;0.37;;;;;en_attente
2026-07-17T11:02:09-04:00;America/New_York;11fa6982d2cf3659;scan;SNAP;yahoo;4.5147;0.2544;0.323;0.5933;0.429;0.177;rejet_prob;prob 0.254 < seuil 0.323;;;;;;;;;;;;;0.01003;;;;;;;;en_attente
2026-07-17T11:02:09-04:00;America/New_York;11fa6982d2cf3659;C;SNAP;yahoo;4.5147;0.2544;0.323;0.5933;0.429;0.177;controle_aleatoire;contrôle apparié, direction aléatoire hausse;call;5.0;2026-08-07;21.0;0.23;0.25;0.24;0.9492;0.373;-0.0094;0.0041;25.0;0.01003;;;0.25;;;;;en_attente
2026-07-17T11:02:09-04:00;America/New_York;11fa6982d2cf3659;scan;WBD;yahoo;27.245;0.1848;0.323;0.7465;0.248;0.435;rejet_prob;prob 0.185 < seuil 0.323;;;;;;;;;;;;;-0.05083;;;;;;;;en_attente
2026-07-17T11:02:09-04:00;America/New_York;11fa6982d2cf3659;A;WBD;yahoo;27.245;0.1848;0.323;0.7465;0.248;0.435;rejet_prob;prob 0.185 < seuil 0.323;call;28.0;2026-08-07;21.0;0.01;1.07;0.54;0.5234;0.447;-0.0336;0.0258;107.0;-0.05083;;;;;;;;en_attente
2026-07-17T11:02:10-04:00;America/New_York;11fa6982d2cf3659;scan;VALE;yahoo;14.17;0.2478;0.323;0.2993;0.828;-0.323;rejet_prob;prob 0.248 < seuil 0.323;;;;;;;;;;;;;-0.00494;;;;;;;;en_attente
2026-07-17T11:02:10-04:00;America/New_York;11fa6982d2cf3659;A;VALE;yahoo;14.17;0.2478;0.323;0.2993;0.828;-0.323;rejet_prob;prob 0.248 < seuil 0.323;put;14.0;2026-08-07;21.0;0.01;0.44;0.225;0.377;0.418;-0.0111;0.0133;44.0;-0.00494;;;0.33;;;;;en_attente
2026-07-17T11:02:11-04:00;America/New_York;11fa6982d2cf3659;scan;PBR;yahoo;17.79;0.2121;0.323;0.499;0.425;0.637;rejet_prob;prob 0.212 < seuil 0.323;;;;;;;;;;;;;0.02248;;;;;;;;en_attente
2026-07-17T11:02:11-04:00;America/New_York;11fa6982d2cf3659;A;PBR;yahoo;17.79;0.2121;0.323;0.499;0.425;0.637;rejet_prob;prob 0.212 < seuil 0.323;call;18.5;2026-08-07;21.0;0.04;0.75;0.395;0.6025;0.428;-0.0249;0.0167;75.0;0.02248;;;0.26;;;;;en_attente
2026-07-17T11:02:12-04:00;America/New_York;11fa6982d2cf3659;scan;GOLD;yahoo;38.34;0.2616;0.323;0.2821;0.927;-0.233;rejet_prob;prob 0.262 < seuil 0.323;;;;;;;;;;;;;-0.02008;;;;;;;;en_attente
2026-07-17T11:02:12-04:00;America/New_York;11fa6982d2cf3659;scan;CLF;yahoo;9.315;0.2364;0.323;0.4143;0.571;-0.126;rejet_prob;prob 0.236 < seuil 0.323;;;;;;;;;;;;;-0.03596;;;;;;;;en_attente
2026-07-17T11:02:14-04:00;America/New_York;11fa6982d2cf3659;scan;CCL;yahoo;26.345;0.1615;0.323;0.2753;0.587;-0.2;rejet_prob;prob 0.162 < seuil 0.323;;;;;;;;;;;;;-0.01158;;;;;;;;en_attente
2026-07-17T11:02:15-04:00;America/New_York;11fa6982d2cf3659;scan;RIOT;yahoo;18.415;0.2122;0.323;0.3173;0.669;-0.333;rejet_prob;prob 0.212 < seuil 0.323;;;;;;;;;;;;;0.08064;;;;;;;;en_attente
2026-07-17T11:02:15-04:00;America/New_York;11fa6982d2cf3659;A;RIOT;yahoo;18.415;0.2122;0.323;0.3173;0.669;-0.333;rejet_prob;prob 0.212 < seuil 0.323;put;18.0;2026-08-07;21.0;1.49;1.62;1.555;0.9863;0.411;-0.0392;0.0172;162.0;0.08064;;;0.65;;;;;en_attente
2026-07-17T11:02:16-04:00;America/New_York;11fa6982d2cf3659;scan;TLRY;yahoo;4.27;0.3333;0.323;0.651;0.512;-0.415;rejet_ratio;options déjà chères : ratio 0.51 < 1.5 (p_implicite 0.651);;;;;;;;;;;;;-0.00937;;;;;;;;en_attente
2026-07-17T11:02:16-04:00;America/New_York;11fa6982d2cf3659;A;TLRY;yahoo;4.27;0.3333;0.323;0.651;0.512;-0.415;rejet_ratio;options déjà chères : ratio 0.51 < 1.5 (p_implicite 0.651);put;4.0;2026-08-07;21.0;0.2;0.27;0.235;0.875;0.334;-0.0076;0.0037;27.0;-0.00937;;;0.2;;;;;en_attente
2026-07-17T11:02:17-04:00;America/New_York;11fa6982d2cf3659;scan;BAC;yahoo;61.835;0.12;0.323;0.1536;0.781;0.396;rejet_prob;prob 0.120 < seuil 0.323;;;;;;;;;;;;;-0.02288;;;;;;;;en_attente
2026-07-17T11:02:17-04:00;America/New_York;11fa6982d2cf3659;A;BAC;yahoo;61.835;0.12;0.323;0.1536;0.781;0.396;rejet_prob;prob 0.120 < seuil 0.323;call;63.0;2026-08-07;21.0;0.8;0.82;0.81;0.2163;0.388;-0.0321;0.0568;82.0;-0.02288;;;0.46;;;;;en_attente
2026-07-17T11:02:18-04:00;America/New_York;11fa6982d2cf3659;scan;AGNC;yahoo;11.265;0.289;0.323;0.3109;0.93;0.506;rejet_prob;prob 0.289 < seuil 0.323;;;;;;;;;;;;;-0.03063;;;;;;;;en_attente
2026-07-17T11:02:18-04:00;America/New_York;11fa6982d2cf3659;A;AGNC;yahoo;11.265;0.289;0.323;0.3109;0.93;0.506;rejet_prob;prob 0.289 < seuil 0.323;call;11.5;2026-08-07;21.0;0.12;0.14;0.13;0.2149;0.373;-0.0057;0.0102;14.0;-0.03063;;;0.02;;;;;en_attente
2026-07-17T11:02:19-04:00;America/New_York;11fa6982d2cf3659;scan;KVUE;yahoo;19.145;0.2036;0.323;0.229;0.889;-0.273;rejet_prob;prob 0.204 < seuil 0.323;;;;;;;;;;;;;-0.00653;;;;;;;;en_attente
2026-07-20T11:32:24-04:00;America/New_York;11fa6982d2cf3659;scan;AAPL;yahoo;325.29;0.0275;0.323;0.0572;0.481;0.251;rejet_prob;prob 0.028 < seuil 0.323;;;;;;;;;;;;;0.00753;;;;;;;;en_attente
2026-07-20T11:32:24-04:00;America/New_York;11fa6982d2cf3659;scan;NVDA;yahoo;206.35;0.3336;0.323;0.1631;2.045;0.236;signal_sans_direction;mouvement probable mais aucune direction claire : pas de trade;;;;;;;;;;;;;0.00456;;;;;;;;en_attente
2026-07-20T11:32:25-04:00;America/New_York;11fa6982d2cf3659;scan;TSLA;yahoo;373.92;0.1029;0.323;0.0675;1.524;-0.171;rejet_prob;prob 0.103 < seuil 0.323;;;;;;;;;;;;;0.0134;;;;;;;;en_attente
2026-07-20T11:32:26-04:00;America/New_York;11fa6982d2cf3659;scan;AMD;yahoo;513.645;0.1315;0.323;0.2364;0.556;0.114;rejet_prob;prob 0.132 < seuil 0.323;;;;;;;;;;;;;0.05993;;;;;;;;en_attente
2026-07-20T11:32:26-04:00;America/New_York;11fa6982d2cf3659;scan;META;yahoo;647.825;0.0749;0.323;0.1573;0.476;0.436;rejet_prob;prob 0.075 < seuil 0.323;;;;;;;;;;;;;-0.0062;;;;;;;;en_attente
2026-07-20T11:32:27-04:00;America/New_York;11fa6982d2cf3659;scan;SPY;yahoo;745.935;0.263;0.323;0.2397;1.097;-0.326;rejet_prob;prob 0.263 < seuil 0.323;;;;;;;;;;;;;0.00314;;;;;;;;en_attente
2026-07-20T11:32:28-04:00;America/New_York;11fa6982d2cf3659;scan;QQQ;yahoo;701.695;0.3342;0.323;0.1489;2.244;-0.7;direction_sans_contrat;direction convergente mais aucun contrat de qualité;;;;;;;;;;;;;0.01037;;;;;;;;en_attente
2026-07-20T11:32:29-04:00;America/New_York;11fa6982d2cf3659;scan;COIN;yahoo;159.66;0.2516;0.323;0.3298;0.763;0.411;rejet_prob;prob 0.252 < seuil 0.323;;;;;;;;;;;;;0.1014;;;;;;;;en_attente
2026-07-20T11:32:29-04:00;America/New_York;11fa6982d2cf3659;scan;PLTR;yahoo;133.42;0.092;0.323;0.2529;0.364;0.513;rejet_prob;prob 0.092 < seuil 0.323;;;;;;;;;;;;;-0.0057;;;;;;;;en_attente
2026-07-20T11:32:30-04:00;America/New_York;11fa6982d2cf3659;scan;SOFI;yahoo;17.1545;0.2469;0.323;0.4026;0.613;0.014;rejet_prob;prob 0.247 < seuil 0.323;;;;;;;;;;;;;0.0283;;;;;;;;en_attente
2026-07-20T11:32:30-04:00;America/New_York;11fa6982d2cf3659;scan;MARA;yahoo;11.825;0.0618;0.323;0.2331;0.265;-0.117;rejet_prob;prob 0.062 < seuil 0.323;;;;;;;;;;;;;0.03594;;;;;;;;en_attente
2026-07-20T11:32:31-04:00;America/New_York;11fa6982d2cf3659;scan;F;yahoo;14.095;0.1832;0.323;0.506;0.362;0.282;rejet_prob;prob 0.183 < seuil 0.323;;;;;;;;;;;;;0.01242;;;;;;;;en_attente
2026-07-20T11:32:32-04:00;America/New_York;11fa6982d2cf3659;scan;T;yahoo;21.925;0.0452;0.323;0.1795;0.252;0.512;rejet_prob;prob 0.045 < seuil 0.323;;;;;;;;;;;;;0.01528;;;;;;;;en_attente
2026-07-20T11:32:32-04:00;America/New_York;11fa6982d2cf3659;A;T;yahoo;21.925;0.0452;0.323;0.1795;0.252;0.512;rejet_prob;prob 0.045 < seuil 0.323;call;22.5;2026-08-14;25.0;0.54;0.59;0.565;0.3584;0.422;-0.0172;0.0225;59.0;0.01528;;;0.9;;;;;en_attente
2026-07-20T11:32:32-04:00;America/New_York;11fa6982d2cf3659;scan;PFE;yahoo;24.8801;0.2303;0.323;0.1991;1.157;0.169;rejet_prob;prob 0.230 < seuil 0.323;;;;;;;;;;;;;0.00241;;;;;;;;en_attente
2026-07-20T11:32:33-04:00;America/New_York;11fa6982d2cf3659;scan;AAL;yahoo;15.215;0.1133;0.323;0.2307;0.491;-0.183;rejet_prob;prob 0.113 < seuil 0.323;;;;;;;;;;;;;0.00427;;;;;;;;en_attente
2026-07-20T11:32:33-04:00;America/New_York;11fa6982d2cf3659;scan;NIO;yahoo;4.885;0.3024;0.323;0.3403;0.889;0.431;rejet_prob;prob 0.302 < seuil 0.323;;;;;;;;;;;;;-0.01945;;;;;;;;en_attente
2026-07-20T11:32:33-04:00;America/New_York;11fa6982d2cf3659;A;NIO;yahoo;4.885;0.3024;0.323;0.3403;0.889;0.431;rejet_prob;prob 0.302 < seuil 0.323;call;5.0;2026-08-14;25.0;0.22;0.25;0.235;0.5508;0.473;-0.0059;0.0051;25.0;-0.01945;;;0.16;;;;;en_attente
2026-07-20T11:32:34-04:00;America/New_York;11fa6982d2cf3659;scan;INTC;yahoo;98.625;0.168;0.323;0.2769;0.607;-0.292;rejet_prob;prob 0.168 < seuil 0.323;;;;;;;;;;;;;0.0692;;;;;;;;en_attente
2026-07-20T11:32:35-04:00;America/New_York;11fa6982d2cf3659;scan;PLUG;yahoo;2.125;0.4348;0.323;0.5927;0.734;-0.066;rejet_ratio;options déjà chères : ratio 0.73 < 1.5 (p_implicite 0.593);;;;;;;;;;;;;0.06824;;;;;;;;en_attente
2026-07-20T11:32:35-04:00;America/New_York;11fa6982d2cf3659;scan;RIVN;yahoo;17.365;0.0174;0.323;0.038;0.458;0.515;rejet_prob;prob 0.017 < seuil 0.323;;;;;;;;;;;;;0.02275;;;;;;;;en_attente
2026-07-20T11:32:35-04:00;America/New_York;11fa6982d2cf3659;A;RIVN;yahoo;17.365;0.0174;0.323;0.038;0.458;0.515;rejet_prob;prob 0.017 < seuil 0.323;call;19.0;2026-08-14;25.0;0.8;0.99;0.895;0.8184;0.383;-0.0291;0.0173;99.0;0.02275;;;0.82;;;;;en_attente
2026-07-20T11:32:36-04:00;America/New_York;11fa6982d2cf3659;scan;LCID;yahoo;7.105;0.0149;0.323;0.0732;0.204;0.229;rejet_prob;prob 0.015 < seuil 0.323;;;;;;;;;;;;;0.03026;;;;;;;;en_attente
2026-07-20T11:32:36-04:00;America/New_York;11fa6982d2cf3659;scan;SNAP;yahoo;4.585;0.2553;0.323;0.6131;0.416;0.157;rejet_prob;prob 0.255 < seuil 0.323;;;;;;;;;;;;;-0.00545;;;;;;;;en_attente
2026-07-20T11:32:37-04:00;America/New_York;11fa6982d2cf3659;scan;WBD;yahoo;26.555;0.1803;0.323;0.8662;0.208;-0.079;rejet_prob;prob 0.180 < seuil 0.323;;;;;;;;;;;;;-0.0273;;;;;;;;en_attente
2026-07-20T11:32:38-04:00;America/New_York;11fa6982d2cf3659;scan;VALE;yahoo;14.155;0.2222;0.323;0.5447;0.408;-0.488;rejet_prob;prob 0.222 < seuil 0.323;;;;;;;;;;;;;0.00671;;;;;;;;en_attente
2026-07-20T11:32:38-04:00;America/New_York;11fa6982d2cf3659;A;VALE;yahoo;14.155;0.2222;0.323;0.5447;0.408;-0.488;rejet_prob;prob 0.222 < seuil 0.323;put;14.0;2026-08-14;25.0;0.24;0.93;0.585;0.6719;0.433;-0.0187;0.0146;93.0;0.00671;;;0.15;;;;;en_attente
2026-07-20T11:32:41-04:00;America/New_York;11fa6982d2cf3659;scan;PBR;yahoo;18.1589;0.2241;0.323;0.3817;0.587;0.445;rejet_prob;prob 0.224 < seuil 0.323;;;;;;;;;;;;;0.02099;;;;;;;;en_attente
2026-07-20T11:32:41-04:00;America/New_York;11fa6982d2cf3659;A;PBR;yahoo;18.1589;0.2241;0.323;0.3817;0.587;0.445;rejet_prob;prob 0.224 < seuil 0.323;call;19.0;2026-08-14;25.0;0.34;0.45;0.395;0.4072;0.366;-0.0153;0.0179;45.0;0.02099;;;0.39;;;;;en_attente
2026-07-20T11:32:41-04:00;America/New_York;11fa6982d2cf3659;scan;GOLD;yahoo;37.46;0.2266;0.323;0.3559;0.637;-0.56;rejet_prob;prob 0.227 < seuil 0.323;;;;;;;;;;;;;0.0662;;;;;;;;en_attente
2026-07-20T11:32:41-04:00;America/New_York;11fa6982d2cf3659;A;GOLD;yahoo;37.46;0.2266;0.323;0.3559;0.637;-0.56;rejet_prob;prob 0.227 < seuil 0.323;put;35.0;2026-08-21;32.0;0.75;1.4;1.075;0.561;0.303;-0.0324;0.0387;140.0;0.0662;;;0.35;;;;;en_attente
2026-07-20T11:32:42-04:00;America/New_York;11fa6982d2cf3659;scan;CLF;yahoo;8.97;0.1745;0.323;0.4034;0.433;-0.125;rejet_prob;prob 0.174 < seuil 0.323;;;;;;;;;;;;;0.03122;;;;;;;;en_attente
2026-07-20T11:32:43-04:00;America/New_York;11fa6982d2cf3659;scan;CCL;yahoo;26.115;0.171;0.323;0.3233;0.529;-0.208;rejet_prob;prob 0.171 < seuil 0.323;;;;;;;;;;;;;0.00172;;;;;;;;en_attente
2026-07-20T11:32:43-04:00;America/New_York;11fa6982d2cf3659;scan;RIOT;yahoo;19.565;0.1288;0.323;0.3053;0.422;-0.158;rejet_prob;prob 0.129 < seuil 0.323;;;;;;;;;;;;;0.09839;;;;;;;;en_attente
2026-07-20T11:32:44-04:00;America/New_York;11fa6982d2cf3659;scan;TLRY;yahoo;4.235;0.3552;0.323;0.6715;0.529;0.031;rejet_ratio;options déjà chères : ratio 0.53 < 1.5 (p_implicite 0.671);;;;;;;;;;;;;0.00118;;;;;;;;en_attente
2026-07-20T11:32:44-04:00;America/New_York;11fa6982d2cf3659;scan;BAC;yahoo;60.96;0.211;0.323;0.1807;1.168;-0.015;rejet_prob;prob 0.211 < seuil 0.323;;;;;;;;;;;;;0.00427;;;;;;;;en_attente
2026-07-20T11:32:45-04:00;America/New_York;11fa6982d2cf3659;scan;AGNC;yahoo;11.035;0.2499;0.323;0.2301;1.086;-0.012;rejet_prob;prob 0.250 < seuil 0.323;;;;;;;;;;;;;-0.02311;;;;;;;;en_attente
2026-07-20T11:32:45-04:00;America/New_York;11fa6982d2cf3659;scan;KVUE;yahoo;19.035;0.1243;0.323;0.21;0.592;0.328;rejet_prob;prob 0.124 < seuil 0.323;;;;;;;;;;;;;-0.00131;;;;;;;;en_attente
2026-07-20T11:32:45-04:00;America/New_York;11fa6982d2cf3659;A;KVUE;yahoo;19.035;0.1243;0.323;0.21;0.592;0.328;rejet_prob;prob 0.124 < seuil 0.323;call;19.5;2026-08-14;25.0;0.26;0.35;0.305;0.2686;0.396;-0.0112;0.0192;35.0;-0.00131;;;0.16;;;;;en_attente
2026-07-21T11:25:03-04:00;America/New_York;11fa6982d2cf3659;scan;AAPL;yahoo;328.155;0.0327;0.323;0.054;0.606;0.419;rejet_prob;prob 0.033 < seuil 0.323;;;;;;;;;;;;;;;;;;;;;en_attente
2026-07-21T11:25:04-04:00;America/New_York;11fa6982d2cf3659;scan;NVDA;yahoo;206.47;0.2544;0.323;0.1402;1.815;0.188;rejet_prob;prob 0.254 < seuil 0.323;;;;;;;;;;;;;;;;;;;;;en_attente
2026-07-21T11:25:05-04:00;America/New_York;11fa6982d2cf3659;scan;TSLA;yahoo;381.12;0.211;0.323;0.0591;3.57;-0.061;rejet_prob;prob 0.211 < seuil 0.323;;;;;;;;;;;;;;;;;;;;;en_attente
2026-07-21T11:25:06-04:00;America/New_York;11fa6982d2cf3659;scan;AMD;yahoo;534.64;0.1763;0.323;0.2192;0.804;0.132;rejet_prob;prob 0.176 < seuil 0.323;;;;;;;;;;;;;;;;;;;;;en_attente
2026-07-21T11:25:07-04:00;America/New_York;11fa6982d2cf3659;scan;META;yahoo;647.09;0.0478;0.323;0.1629;0.293;0.542;rejet_prob;prob 0.048 < seuil 0.323;;;;;;;;;;;;;;;;;;;;;en_attente
2026-07-21T11:25:08-04:00;America/New_York;11fa6982d2cf3659;scan;SPY;yahoo;747.64;0.3596;0.323;0.1965;1.83;-0.295;signal_sans_direction;mouvement probable mais aucune direction claire : pas de trade;;;;;;;;;;;;;;;;;;;;;en_attente
2026-07-21T11:25:10-04:00;America/New_York;11fa6982d2cf3659;scan;QQQ;yahoo;708.4999;0.3516;0.323;0.1164;3.021;-0.558;direction_sans_contrat;direction convergente mais aucun contrat de qualité;;;;;;;;;;;;;;;;;;;;;en_attente
2026-07-21T11:25:11-04:00;America/New_York;11fa6982d2cf3659;scan;COIN;yahoo;178.735;0.0914;0.323;0.2303;0.397;0.542;rejet_prob;prob 0.091 < seuil 0.323;;;;;;;;;;;;;;;;;;;;;en_attente
2026-07-21T11:25:12-04:00;America/New_York;11fa6982d2cf3659;scan;PLTR;yahoo;133.42;0.1315;0.323;0.3267;0.403;0.583;rejet_prob;prob 0.132 < seuil 0.323;;;;;;;;;;;;;;;;;;;;;en_attente
2026-07-21T11:25:13-04:00;America/New_York;11fa6982d2cf3659;scan;SOFI;yahoo;17.4087;0.1888;0.323;0.4319;0.437;0.289;rejet_prob;prob 0.189 < seuil 0.323;;;;;;;;;;;;;;;;;;;;;en_attente
2026-07-21T11:25:14-04:00;America/New_York;11fa6982d2cf3659;scan;MARA;yahoo;12.47;0.0885;0.323;0.2258;0.392;0.053;rejet_prob;prob 0.088 < seuil 0.323;;;;;;;;;;;;;;;;;;;;;en_attente
2026-07-21T11:25:15-04:00;America/New_York;11fa6982d2cf3659;scan;F;yahoo;14.275;0.1727;0.323;0.4792;0.36;0.38;rejet_prob;prob 0.173 < seuil 0.323;;;;;;;;;;;;;;;;;;;;;en_attente
2026-07-21T11:25:15-04:00;America/New_York;11fa6982d2cf3659;A;F;yahoo;14.275;0.1727;0.323;0.4792;0.36;0.38;rejet_prob;prob 0.173 < seuil 0.323;call;15.0;2026-08-14;24.0;0.33;0.36;0.345;0.4316;0.357;-0.0129;0.0137;36.0;;;;;;;;;en_attente
2026-07-21T11:25:16-04:00;America/New_York;11fa6982d2cf3659;scan;T;yahoo;22.025;0.0297;0.323;0.1793;0.166;0.151;rejet_prob;prob 0.030 < seuil 0.323;;;;;;;;;;;;;;;;;;;;;en_attente
2026-07-21T11:25:17-04:00;America/New_York;11fa6982d2cf3659;scan;PFE;yahoo;24.895;0.2039;0.323;0.1809;1.127;0.172;rejet_prob;prob 0.204 < seuil 0.323;;;;;;;;;;;;;;;;;;;;;en_attente
2026-07-21T11:25:18-04:00;America/New_York;11fa6982d2cf3659;scan;AAL;yahoo;15.155;0.1277;0.323;0.2537;0.503;-0.112;rejet_prob;prob 0.128 < seuil 0.323;;;;;;;;;;;;;;;;;;;;;en_attente
2026-07-21T11:25:19-04:00;America/New_York;11fa6982d2cf3659;scan;NIO;yahoo;4.825;0.2588;0.323;0.3157;0.82;-0.022;rejet_prob;prob 0.259 < seuil 0.323;;;;;;;;;;;;;;;;;;;;;en_attente
2026-07-21T11:25:20-04:00;America/New_York;11fa6982d2cf3659;scan;INTC;yahoo;104.275;0.1591;0.323;0.2749;0.579;-0.105;rejet_prob;prob 0.159 < seuil 0.323;;;;;;;;;;;;;;;;;;;;;en_attente
2026-07-21T11:25:21-04:00;America/New_York;11fa6982d2cf3659;scan;PLUG;yahoo;2.24;0.4539;0.323;0.5083;0.893;-0.312;rejet_ratio;options déjà chères : ratio 0.89 < 1.5 (p_implicite 0.508);;;;;;;;;;;;;;;;;;;;;en_attente
2026-07-21T11:25:22-04:00;America/New_York;11fa6982d2cf3659;scan;RIVN;yahoo;17.675;0.0133;0.323;0.0585;0.227;0.454;rejet_prob;prob 0.013 < seuil 0.323;;;;;;;;;;;;;;;;;;;;;en_attente
2026-07-21T11:25:22-04:00;America/New_York;11fa6982d2cf3659;A;RIVN;yahoo;17.675;0.0133;0.323;0.0585;0.227;0.454;rejet_prob;prob 0.013 < seuil 0.323;call;19.0;2026-08-14;24.0;0.91;1.0;0.955;0.7988;0.407;-0.03;0.0176;100.0;;;;;;;;;en_attente
2026-07-21T11:25:23-04:00;America/New_York;11fa6982d2cf3659;scan;LCID;yahoo;7.05;0.0207;0.323;0.0588;0.352;0.071;rejet_prob;prob 0.021 < seuil 0.323;;;;;;;;;;;;;;;;;;;;;en_attente
2026-07-21T11:25:23-04:00;America/New_York;11fa6982d2cf3659;scan;SNAP;yahoo;4.605;0.2442;0.323;0.6201;0.394;0.025;rejet_prob;prob 0.244 < seuil 0.323;;;;;;;;;;;;;;;;;;;;;en_attente
2026-07-21T11:25:24-04:00;America/New_York;11fa6982d2cf3659;scan;WBD;yahoo;25.67;0.1199;0.323;0.6536;0.183;-0.269;rejet_prob;prob 0.120 < seuil 0.323;;;;;;;;;;;;;;;;;;;;;en_attente
2026-07-21T11:25:25-04:00;America/New_York;11fa6982d2cf3659;scan;VALE;yahoo;14.1536;0.2927;0.323;0.4969;0.589;-0.707;rejet_prob;prob 0.293 < seuil 0.323;;;;;;;;;;;;;;;;;;;;;en_attente
2026-07-21T11:25:25-04:00;America/New_York;11fa6982d2cf3659;A;VALE;yahoo;14.1536;0.2927;0.323;0.4969;0.589;-0.707;rejet_prob;prob 0.293 < seuil 0.323;put;14.0;2026-08-14;24.0;0.34;0.64;0.49;0.4863;0.431;-0.0136;0.0143;64.0;;;;;;;;;en_attente
2026-07-21T11:25:26-04:00;America/New_York;11fa6982d2cf3659;scan;PBR;yahoo;18.395;0.2369;0.323;0.3741;0.633;0.221;rejet_prob;prob 0.237 < seuil 0.323;;;;;;;;;;;;;;;;;;;;;en_attente
2026-07-21T11:25:27-04:00;America/New_York;11fa6982d2cf3659;scan;GOLD;yahoo;39.1;0.2415;0.323;0.2747;0.879;0.039;rejet_prob;prob 0.241 < seuil 0.323;;;;;;;;;;;;;;;;;;;;;en_attente
2026-07-21T11:25:28-04:00;America/New_York;11fa6982d2cf3659;scan;CLF;yahoo;9.2482;0.236;0.323;0.4139;0.57;-0.137;rejet_prob;prob 0.236 < seuil 0.323;;;;;;;;;;;;;;;;;;;;;en_attente
2026-07-21T11:25:29-04:00;America/New_York;11fa6982d2cf3659;scan;CCL;yahoo;26.155;0.2012;0.323;0.3384;0.595;-0.105;rejet_prob;prob 0.201 < seuil 0.323;;;;;;;;;;;;;;;;;;;;;en_attente
2026-07-21T11:25:30-04:00;America/New_York;11fa6982d2cf3659;scan;RIOT;yahoo;21.2199;0.0448;0.323;0.2535;0.177;-0.064;rejet_prob;prob 0.045 < seuil 0.323;;;;;;;;;;;;;;;;;;;;;en_attente
2026-07-21T11:25:31-04:00;America/New_York;11fa6982d2cf3659;scan;TLRY;yahoo;4.2614;0.3453;0.323;0.6967;0.496;-0.159;rejet_ratio;options déjà chères : ratio 0.50 < 1.5 (p_implicite 0.697);;;;;;;;;;;;;;;;;;;;;en_attente
2026-07-21T11:25:32-04:00;America/New_York;11fa6982d2cf3659;scan;BAC;yahoo;60.9664;0.2277;0.323;0.1952;1.166;0.149;rejet_prob;prob 0.228 < seuil 0.323;;;;;;;;;;;;;;;;;;;;;en_attente
2026-07-21T11:25:33-04:00;America/New_York;11fa6982d2cf3659;scan;AGNC;yahoo;10.865;0.2995;0.323;0.1807;1.657;0.394;rejet_prob;prob 0.299 < seuil 0.323;;;;;;;;;;;;;;;;;;;;;en_attente
2026-07-21T11:25:33-04:00;America/New_York;11fa6982d2cf3659;A;AGNC;yahoo;10.865;0.2995;0.323;0.1807;1.657;0.394;rejet_prob;prob 0.299 < seuil 0.323;call;11.0;2026-08-14;24.0;0.13;0.18;0.155;0.2109;0.442;-0.0054;0.011;18.0;;;;;;;;;en_attente
2026-07-21T11:25:34-04:00;America/New_York;11fa6982d2cf3659;scan;KVUE;yahoo;18.985;0.1639;0.323;0.3408;0.481;0.1;rejet_prob;prob 0.164 < seuil 0.323;;;;;;;;;;;;;;;;;;;;;en_attente
2026-07-22T11:22:30-04:00;America/New_York;11fa6982d2cf3659;scan;AAPL;yahoo;324.585;0.041;0.323;0.0569;0.721;0.504;rejet_prob;prob 0.041 < seuil 0.323;;;;;;;;;;;;;;;;;;;;;en_attente
2026-07-22T11:22:30-04:00;America/New_York;11fa6982d2cf3659;scan;NVDA;yahoo;212.23;0.2981;0.323;0.172;1.733;0.458;rejet_prob;prob 0.298 < seuil 0.323;;;;;;;;;;;;;;;;;;;;;en_attente
2026-07-22T11:22:32-04:00;America/New_York;11fa6982d2cf3659;scan;TSLA;yahoo;378.16;0.1623;0.323;0.0727;2.232;0.056;rejet_prob;prob 0.162 < seuil 0.323;;;;;;;;;;;;;;;;;;;;;en_attente
2026-07-22T11:22:33-04:00;America/New_York;11fa6982d2cf3659;scan;AMD;yahoo;555.08;0.1199;0.323;0.2191;0.547;0.397;rejet_prob;prob 0.120 < seuil 0.323;;;;;;;;;;;;;;;;;;;;;en_attente
2026-07-22T11:22:34-04:00;America/New_York;11fa6982d2cf3659;scan;META;yahoo;627.94;0.0468;0.323;0.1558;0.3;0.424;rejet_prob;prob 0.047 < seuil 0.323;;;;;;;;;;;;;;;;;;;;;en_attente
2026-07-22T11:22:36-04:00;America/New_York;11fa6982d2cf3659;scan;SPY;yahoo;748.91;0.3129;0.323;0.2522;1.241;-0.291;rejet_prob;prob 0.313 < seuil 0.323;;;;;;;;;;;;;;;;;;;;;en_attente
2026-07-22T11:22:37-04:00;America/New_York;11fa6982d2cf3659;scan;QQQ;yahoo;708.56;0.3079;0.323;0.1666;1.848;-0.449;rejet_prob;prob 0.308 < seuil 0.323;;;;;;;;;;;;;;;;;;;;;en_attente
2026-07-22T11:22:38-04:00;America/New_York;11fa6982d2cf3659;scan;COIN;yahoo;170.58;0.165;0.323;0.2252;0.733;0.25;rejet_prob;prob 0.165 < seuil 0.323;;;;;;;;;;;;;;;;;;;;;en_attente
2026-07-22T11:22:39-04:00;America/New_York;11fa6982d2cf3659;scan;PLTR;yahoo;126.77;0.1287;0.323;0.2974;0.433;0.309;rejet_prob;prob 0.129 < seuil 0.323;;;;;;;;;;;;;;;;;;;;;en_attente
2026-07-22T11:22:40-04:00;America/New_York;11fa6982d2cf3659;scan;SOFI;yahoo;17.2699;0.2431;0.323;0.4116;0.591;0.189;rejet_prob;prob 0.243 < seuil 0.323;;;;;;;;;;;;;;;;;;;;;en_attente
2026-07-22T11:22:41-04:00;America/New_York;11fa6982d2cf3659;scan;MARA;yahoo;12.765;0.1233;0.323;0.2157;0.572;-0.014;rejet_prob;prob 0.123 < seuil 0.323;;;;;;;;;;;;;;;;;;;;;en_attente
2026-07-22T11:22:42-04:00;America/New_York;11fa6982d2cf3659;scan;F;yahoo;14.41;0.1653;0.323;0.4532;0.365;0.626;rejet_prob;prob 0.165 < seuil 0.323;;;;;;;;;;;;;;;;;;;;;en_attente
2026-07-22T11:22:42-04:00;America/New_York;11fa6982d2cf3659;A;F;yahoo;14.41;0.1653;0.323;0.4532;0.365;0.626;rejet_prob;prob 0.165 < seuil 0.323;call;15.0;2026-08-14;23.0;0.38;0.41;0.395;0.4414;0.389;-0.014;0.0139;41.0;;;;;;;;;en_attente
2026-07-22T11:22:43-04:00;America/New_York;11fa6982d2cf3659;scan;T;yahoo;22.965;0.0362;0.323;0.0801;0.452;0.543;rejet_prob;prob 0.036 < seuil 0.323;;;;;;;;;;;;;;;;;;;;;en_attente
2026-07-22T11:22:43-04:00;America/New_York;11fa6982d2cf3659;A;T;yahoo;22.965;0.0362;0.323;0.0801;0.452;0.543;rejet_prob;prob 0.036 < seuil 0.323;call;23.5;2026-08-14;23.0;0.42;0.46;0.44;0.293;0.406;-0.0153;0.0224;46.0;;;;;;;;;en_attente
2026-07-22T11:22:44-04:00;America/New_York;11fa6982d2cf3659;scan;PFE;yahoo;25.005;0.2042;0.323;0.1906;1.071;0.477;rejet_prob;prob 0.204 < seuil 0.323;;;;;;;;;;;;;;;;;;;;;en_attente
2026-07-22T11:22:44-04:00;America/New_York;11fa6982d2cf3659;A;PFE;yahoo;25.005;0.2042;0.323;0.1906;1.071;0.477;rejet_prob;prob 0.204 < seuil 0.323;call;25.5;2026-08-14;23.0;0.3;0.33;0.315;0.21;0.385;-0.0121;0.024;33.0;;;;;;;;;en_attente
2026-07-22T11:22:45-04:00;America/New_York;11fa6982d2cf3659;scan;AAL;yahoo;15.15;0.1098;0.323;0.2405;0.457;-0.224;rejet_prob;prob 0.110 < seuil 0.323;;;;;;;;;;;;;;;;;;;;;en_attente
2026-07-22T11:22:45-04:00;America/New_York;11fa6982d2cf3659;scan;NIO;yahoo;4.695;0.3339;0.323;0.3232;1.033;0.019;rejet_ratio;options déjà chères : ratio 1.03 < 1.5 (p_implicite 0.323);;;;;;;;;;;;;;;;;;;;;en_attente
2026-07-22T11:22:47-04:00;America/New_York;11fa6982d2cf3659;scan;INTC;yahoo;106.18;0.1589;0.323;0.2793;0.569;-0.077;rejet_prob;prob 0.159 < seuil 0.323;;;;;;;;;;;;;;;;;;;;;en_attente
2026-07-22T11:22:47-04:00;America/New_York;11fa6982d2cf3659;scan;PLUG;yahoo;2.3191;0.3735;0.323;0.479;0.78;-0.187;rejet_ratio;options déjà chères : ratio 0.78 < 1.5 (p_implicite 0.479);;;;;;;;;;;;;;;;;;;;;en_attente
2026-07-22T11:22:49-04:00;America/New_York;11fa6982d2cf3659;scan;RIVN;yahoo;17.52;0.0189;0.323;0.048;0.394;0.451;rejet_prob;prob 0.019 < seuil 0.323;;;;;;;;;;;;;;;;;;;;;en_attente
2026-07-22T11:22:49-04:00;America/New_York;11fa6982d2cf3659;A;RIVN;yahoo;17.52;0.0189;0.323;0.048;0.394;0.451;rejet_prob;prob 0.019 < seuil 0.323;call;19.0;2026-08-14;23.0;0.82;0.86;0.84;0.7852;0.383;-0.0294;0.0168;86.0;;;;;;;;;en_attente
2026-07-22T11:22:49-04:00;America/New_York;11fa6982d2cf3659;scan;LCID;yahoo;7.48;0.0103;0.323;0.078;0.132;0.791;rejet_prob;prob 0.010 < seuil 0.323;;;;;;;;;;;;;;;;;;;;;en_attente
2026-07-22T11:22:49-04:00;America/New_York;11fa6982d2cf3659;A;LCID;yahoo;7.48;0.0103;0.323;0.078;0.132;0.791;rejet_prob;prob 0.010 < seuil 0.323;call;10.5;2026-08-14;23.0;0.02;1.74;0.88;2.2773;0.381;-0.0357;0.0072;174.0;;;;;;;;;en_attente
2026-07-22T11:22:50-04:00;America/New_York;11fa6982d2cf3659;scan;SNAP;yahoo;4.5315;0.2085;0.323;0.6534;0.319;0.389;rejet_prob;prob 0.208 < seuil 0.323;;;;;;;;;;;;;;;;;;;;;en_attente
2026-07-22T11:22:50-04:00;America/New_York;11fa6982d2cf3659;A;SNAP;yahoo;4.5315;0.2085;0.323;0.6534;0.319;0.389;rejet_prob;prob 0.208 < seuil 0.323;call;5.0;2026-08-14;23.0;0.24;0.26;0.25;0.9141;0.381;-0.0088;0.0043;26.0;;;;;;;;;en_attente
2026-07-22T11:22:51-04:00;America/New_York;11fa6982d2cf3659;scan;WBD;yahoo;25.795;0.1928;0.323;0.6125;0.315;-0.812;rejet_prob;prob 0.193 < seuil 0.323;;;;;;;;;;;;;;;;;;;;;en_attente
2026-07-22T11:22:51-04:00;America/New_York;11fa6982d2cf3659;A;WBD;yahoo;25.795;0.1928;0.323;0.6125;0.315;-0.812;rejet_prob;prob 0.193 < seuil 0.323;put;25.0;2026-08-14;23.0;0.5;0.81;0.655;0.4482;0.36;-0.0224;0.0242;81.0;;;;;;;;;en_attente
2026-07-22T11:22:51-04:00;America/New_York;11fa6982d2cf3659;scan;VALE;yahoo;14.67;0.3439;0.323;0.5026;0.684;0.149;rejet_ratio;options déjà chères : ratio 0.68 < 1.5 (p_implicite 0.503);;;;;;;;;;;;;;;;;;;;;en_attente
2026-07-22T11:22:53-04:00;America/New_York;11fa6982d2cf3659;scan;PBR;yahoo;18.895;0.1438;0.323;0.2842;0.506;0.501;rejet_prob;prob 0.144 < seuil 0.323;;;;;;;;;;;;;;;;;;;;;en_attente
2026-07-22T11:22:53-04:00;America/New_York;11fa6982d2cf3659;A;PBR;yahoo;18.895;0.1438;0.323;0.2842;0.506;0.501;rejet_prob;prob 0.144 < seuil 0.323;call;19.5;2026-08-14;23.0;0.06;0.53;0.295;0.4053;0.409;-0.0171;0.0184;53.0;;;;;;;;;en_attente
2026-07-22T11:22:53-04:00;America/New_York;11fa6982d2cf3659;scan;GOLD;yahoo;40.47;0.2323;0.323;0.3049;0.762;-0.036;rejet_prob;prob 0.232 < seuil 0.323;;;;;;;;;;;;;;;;;;;;;en_attente
2026-07-22T11:22:54-04:00;America/New_York;11fa6982d2cf3659;scan;CLF;yahoo;9.47;0.2922;0.323;0.4346;0.672;0.032;rejet_prob;prob 0.292 < seuil 0.323;;;;;;;;;;;;;;;;;;;;;en_attente
2026-07-22T11:22:55-04:00;America/New_York;11fa6982d2cf3659;scan;CCL;yahoo;26.11;0.2055;0.323;0.4314;0.476;-0.52;rejet_prob;prob 0.205 < seuil 0.323;;;;;;;;;;;;;;;;;;;;;en_attente
2026-07-22T11:22:55-04:00;America/New_York;11fa6982d2cf3659;A;CCL;yahoo;26.11;0.2055;0.323;0.4314;0.476;-0.52;rejet_prob;prob 0.205 < seuil 0.323;put;26.0;2026-08-14;23.0;1.2;1.28;1.24;0.501;0.453;-0.0267;0.026;128.0;;;;;;;;;en_attente
2026-07-22T11:22:56-04:00;America/New_York;11fa6982d2cf3659;scan;RIOT;yahoo;23.025;0.0762;0.323;0.2159;0.353;0.231;rejet_prob;prob 0.076 < seuil 0.323;;;;;;;;;;;;;;;;;;;;;en_attente
2026-07-22T11:22:56-04:00;America/New_York;11fa6982d2cf3659;scan;TLRY;yahoo;4.28;0.3251;0.323;0.7114;0.457;0.126;rejet_ratio;options déjà chères : ratio 0.46 < 1.5 (p_implicite 0.711);;;;;;;;;;;;;;;;;;;;;en_attente
2026-07-22T11:22:57-04:00;America/New_York;11fa6982d2cf3659;scan;BAC;yahoo;61.665;0.2151;0.323;0.1645;1.308;0.139;rejet_prob;prob 0.215 < seuil 0.323;;;;;;;;;;;;;;;;;;;;;en_attente
2026-07-22T11:22:58-04:00;America/New_York;11fa6982d2cf3659;scan;AGNC;yahoo;10.765;0.2763;0.323;0.134;2.062;0.213;rejet_prob;prob 0.276 < seuil 0.323;;;;;;;;;;;;;;;;;;;;;en_attente
2026-07-22T11:22:58-04:00;America/New_York;11fa6982d2cf3659;scan;KVUE;yahoo;19.085;0.2244;0.323;0.2694;0.833;0.17;rejet_prob;prob 0.224 < seuil 0.323;;;;;;;;;;;;;;;;;;;;;en_attente
